Date,Opponent,Map,Player,Kills,Deaths,Assists
2026-02-25,Q9,Hacienda,Abhiz,45,37,7
2026-02-25,Q9,Hacienda,Prevail,46,39,13
2026-02-25,Q9,Hacienda,Skullguy,38,37,18
2026-02-25,Q9,Hacienda,Viper,48,41,20
2026-02-25,Q9,Hacienda,Warden,36,41,12
2026-02-25,Q9,Combine,Abhiz,39,39,28
2026-02-25,Q9,Combine,Prevail,43,48,16
2026-02-25,Q9,Combine,Skullguy,31,39,16
2026-02-25,Q9,Combine,Viper,47,43,17
2026-02-25,Q9,Combine,Warden,33,44,20
2026-02-25,Q9,Arsenal,Abhiz,40,31,13
2026-02-25,Q9,Arsenal,Prevail,30,31,14
2026-02-25,Q9,Arsenal,Skullguy,28,26,13
2026-02-25,Q9,Arsenal,Viper,25,32,12
2026-02-25,Q9,Arsenal,Warden,33,29,16
2026-02-25,Q9,Takeoff,Abhiz,47,49,35
2026-02-25,Q9,Takeoff,Prevail,56,53,18
2026-02-25,Q9,Takeoff,Skullguy,48,46,18
2026-02-25,Q9,Takeoff,Viper,46,44,23
2026-02-25,Q9,Takeoff,Warden,39,49,24
2026-02-24,XROCK,Summit,Abhiz,39,27,22
2026-02-24,XROCK,Summit,Skullguy,32,27,10
2026-02-24,XROCK,Summit,Viper,33,32,19
2026-02-24,XROCK,Summit,Warden,36,28,14
2026-02-24,XROCK,Combine,Abhiz,24,49,20
2026-02-24,XROCK,Combine,Skullguy,42,41,26
2026-02-24,XROCK,Combine,Viper,56,44,19
2026-02-24,XROCK,Combine,Warden,46,45,9
2026-02-24,XROCK,Takeoff,Abhiz,40,21,12
2026-02-24,XROCK,Takeoff,Skullguy,24,26,9
2026-02-24,XROCK,Takeoff,Viper,62,15,20
2026-02-24,XROCK,Takeoff,Warden,35,25,16
2026-02-24,XROCK,Raid,Abhiz,28,30,6
2026-02-24,XROCK,Raid,Skullguy,22,23,4
2026-02-24,XROCK,Raid,Viper,23,30,7
2026-02-24,XROCK,Raid,Warden,30,21,4
2026-02-24,XROCK,Crossroads Strike,Abhiz,34,19,12
2026-02-24,XROCK,Crossroads Strike,Skullguy,23,21,0
2026-02-24,XROCK,Crossroads Strike,Viper,31,20,18
2026-02-24,XROCK,Crossroads Strike,Warden,32,27,10
2026-02-26,ALU,Takeoff,Abhiz,40,52,38
2026-02-26,ALU,Takeoff,Prevail,39,52,15
2026-02-26,ALU,Takeoff,Skullguy,52,39,21
2026-02-26,ALU,Takeoff,Viper,41,51,21
2026-02-26,ALU,Takeoff,Warden,42,52,24
2026-02-27,XROCK,Hacienda,Abhiz,50,34,19
2026-02-27,XROCK,Hacienda,Prevail,33,33,13
2026-02-27,XROCK,Hacienda,Skullguy,47,34,10
2026-02-27,XROCK,Hacienda,Viper,42,32,17
2026-02-27,XROCK,Hacienda,Warden,46,42,11
2026-02-27,XROCK,Summit,Abhiz,30,23,20
2026-02-27,XROCK,Summit,Prevail,44,26,9
2026-02-27,XROCK,Summit,Skullguy,32,25,11
2026-02-27,XROCK,Summit,Viper,37,23,23
2026-02-27,XROCK,Summit,Warden,39,29,15
2026-02-27,XROCK,Raid,Abhiz,37,42,9
2026-02-27,XROCK,Raid,Prevail,41,36,11
2026-02-27,XROCK,Raid,Skullguy,45,36,3
2026-02-27,XROCK,Raid,Viper,31,25,8
2026-02-27,XROCK,Raid,Warden,36,28,6
2026-02-27,XROCK,Crossroads Strike,Abhiz,31,27,7
2026-02-27,XROCK,Crossroads Strike,Prevail,32,33,8
2026-02-27,XROCK,Crossroads Strike,Skullguy,42,19,4
2026-02-27,XROCK,Crossroads Strike,Viper,37,28,17
2026-02-27,XROCK,Crossroads Strike,Warden,26,32,12
2026-03-02,Q9,Combine,Abhiz,44,46,21
2026-03-02,Q9,Combine,Prevail,47,52,13
2026-03-02,Q9,Combine,Skullguy,34,45,16
2026-03-02,Q9,Combine,Viper,58,43,15
2026-03-02,Q9,Combine,Warden,31,49,23
2026-03-02,Q9,Arsenal,Abhiz,45,21,13
2026-03-02,Q9,Arsenal,Prevail,34,28,14
2026-03-02,Q9,Arsenal,Skullguy,29,27,16
2026-03-02,Q9,Arsenal,Viper,29,28,19
2026-03-02,Q9,Arsenal,Warden,23,30,18
2026-03-02,Q9,Standoff,Abhiz,38,35,16
2026-03-02,Q9,Standoff,Prevail,31,35,11
2026-03-02,Q9,Standoff,Skullguy,34,29,5
2026-03-02,Q9,Standoff,Viper,32,26,12
2026-03-02,Q9,Standoff,Warden,32,34,13
2026-03-02,ALU,Takeoff,Abhiz,41,38,22
2026-03-02,ALU,Takeoff,Prevail,24,46,17
2026-03-02,ALU,Takeoff,Skullguy,28,35,21
2026-03-02,ALU,Takeoff,Viper,29,38,14
2026-03-02,ALU,Takeoff,Warden,44,37,20
2026-03-02,ALU,Combine,Abhiz,33,46,26
2026-03-02,ALU,Combine,Prevail,49,41,12
2026-03-02,ALU,Combine,Skullguy,42,41,25
2026-03-02,ALU,Combine,Viper,62,38,20
2026-03-02,ALU,Combine,Warden,48,43,28
2026-03-02,ALU,Standoff,Abhiz,12,24,9
2026-03-02,ALU,Standoff,Prevail,21,27,5
2026-03-02,ALU,Standoff,Skullguy,16,20,3
2026-03-02,ALU,Standoff,Viper,17,22,7
2026-03-02,ALU,Standoff,Warden,15,27,11
2026-03-03,DVS,Hacienda,Abhiz,31,40,13
2026-03-03,DVS,Hacienda,Prevail,32,42,8
2026-03-03,DVS,Hacienda,Skullguy,23,38,16
2026-03-03,DVS,Hacienda,Viper,29,39,15
2026-03-03,DVS,Hacienda,Warden,19,38,10
2026-03-03,DVS,Summit,Abhiz,45,26,22
2026-03-03,DVS,Summit,Prevail,37,32,8
2026-03-03,DVS,Summit,Skullguy,26,31,16
2026-03-03,DVS,Summit,Viper,45,26,17
2026-03-03,DVS,Summit,Warden,35,33,16
2026-03-03,DVS,Raid,Abhiz,26,30,5
2026-03-03,DVS,Raid,Prevail,21,30,3
2026-03-03,DVS,Raid,Skullguy,19,28,1
2026-03-03,DVS,Raid,Viper,18,26,3
2026-03-03,DVS,Raid,Warden,16,34,9
2026-03-03,DVS,Standoff,Abhiz,22,37,3
2026-03-03,DVS,Standoff,Prevail,22,37,4
2026-03-03,DVS,Standoff,Skullguy,17,33,4
2026-03-03,DVS,Standoff,Viper,37,27,7
2026-03-03,DVS,Standoff,Warden,29,26,2
2026-03-03,DVS,Crossroads Strike,Abhiz,37,30,9
2026-03-03,DVS,Crossroads Strike,Prevail,34,32,10
2026-03-03,DVS,Crossroads Strike,Skullguy,29,32,3
2026-03-03,DVS,Crossroads Strike,Viper,34,28,11
2026-03-03,DVS,Crossroads Strike,Warden,21,43,14
2026-03-03,DVS,Slums,Abhiz,9,12,2
2026-03-03,DVS,Slums,Prevail,8,13,4
2026-03-03,DVS,Slums,Skullguy,11,13,2
2026-03-03,DVS,Slums,Viper,11,12,7
2026-03-03,DVS,Slums,Warden,8,13,2
2026-03-05,Q9,Crossroads Strike,Abhiz,39,32,10
2026-03-05,Q9,Crossroads Strike,Prevail,43,40,16
2026-03-05,Q9,Crossroads Strike,Skullguy,29,33,3
2026-03-05,Q9,Crossroads Strike,Viper,36,39,14
2026-03-05,Q9,Crossroads Strike,Warden,42,35,19
2026-03-05,Q9,Standoff,Abhiz,36,30,11
2026-03-05,Q9,Standoff,Prevail,24,36,13
2026-03-05,Q9,Standoff,Skullguy,23,32,4
2026-03-05,Q9,Standoff,Viper,30,32,4
2026-03-05,Q9,Standoff,Warden,28,37,3
2026-03-06,ETs,Crossroads Strike,Abhiz,38,27,8
2026-03-06,ETs,Crossroads Strike,Prevail,46,38,9
2026-03-06,ETs,Crossroads Strike,Skullguy,35,28,9
2026-03-06,ETs,Crossroads Strike,Viper,39,31,17
2026-03-06,ETs,Crossroads Strike,Warden,42,36,9
2026-03-07,Wolves,Summit,Abhiz,38,32,19
2026-03-07,Wolves,Summit,Prevail,32,30,11
2026-03-07,Wolves,Summit,Skullguy,35,30,10
2026-03-07,Wolves,Summit,Viper,40,28,19
2026-03-07,Wolves,Summit,Warden,36,29,16
2026-03-07,Wolves,Hacienda,Abhiz,40,25,10
2026-03-07,Wolves,Hacienda,Prevail,33,28,10
2026-03-07,Wolves,Hacienda,Skullguy,29,26,15
2026-03-07,Wolves,Hacienda,Viper,41,28,17
2026-03-07,Wolves,Hacienda,Warden,36,32,14
2026-03-07,Wolves,Raid,Abhiz,47,29,7
2026-03-07,Wolves,Raid,Prevail,40,39,7
2026-03-07,Wolves,Raid,Skullguy,28,34,3
2026-03-07,Wolves,Raid,Viper,37,40,9
2026-03-07,Wolves,Raid,Warden,38,41,16
2026-03-07,Wolves,Crossroads Strike,Abhiz,49,31,2
2026-03-07,Wolves,Crossroads Strike,Prevail,30,38,6
2026-03-07,Wolves,Crossroads Strike,Skullguy,32,34,14
2026-03-07,Wolves,Crossroads Strike,Viper,41,36,18
2026-03-07,Wolves,Crossroads Strike,Warden,41,33,11
2026-03-07,Wolves,Standoff,Abhiz,25,29,7
2026-03-07,Wolves,Standoff,Prevail,37,37,8
2026-03-07,Wolves,Standoff,Skullguy,26,23,6
2026-03-07,Wolves,Standoff,Viper,38,28,10
2026-03-07,Wolves,Standoff,Warden,36,34,4
2026-03-07,Wolves,Tunisia,Abhiz,9,8,0
2026-03-07,Wolves,Tunisia,Prevail,14,13,1
2026-03-07,Wolves,Tunisia,Skullguy,9,9,4
2026-03-07,Wolves,Tunisia,Viper,10,10,5
2026-03-07,Wolves,Tunisia,Warden,17,12,6
2026-03-10,OUG,Combine,Abhiz,30,37,6
2026-03-10,OUG,Combine,Prevail,25,40,11
2026-03-10,OUG,Combine,Skullguy,28,37,8
2026-03-10,OUG,Combine,Viper,24,41,16
2026-03-10,OUG,Combine,Warden,25,42,17
2026-03-10,OUG,Raid,Abhiz,36,23,8
2026-03-10,OUG,Raid,Prevail,24,31,9
2026-03-10,OUG,Raid,Skullguy,16,33,8
2026-03-10,OUG,Raid,Viper,18,26,10
2026-03-10,OUG,Raid,Warden,30,29,11
2026-03-14,Q9,Arsenal,Abhiz,38,29,15
2026-03-14,Q9,Arsenal,Prevail,23,28,10
2026-03-14,Q9,Arsenal,Skullguy,25,26,16
2026-03-14,Q9,Arsenal,Viper,38,25,18
2026-03-14,Q9,Arsenal,Warden,26,28,17
2026-03-14,Q9,Hacienda,Abhiz,54,37,30
2026-03-14,Q9,Hacienda,Prevail,40,43,11
2026-03-14,Q9,Hacienda,Skullguy,45,35,27
2026-03-14,Q9,Hacienda,Viper,42,44,15
2026-03-14,Q9,Hacienda,Warden,30,46,13
2026-03-14,Q9,Crossroads Strike,Abhiz,28,28,9
2026-03-14,Q9,Crossroads Strike,Prevail,29,33,9
2026-03-14,Q9,Crossroads Strike,Skullguy,22,29,12
2026-03-14,Q9,Crossroads Strike,Viper,32,29,9
2026-03-14,Q9,Crossroads Strike,Warden,35,36,8
2026-03-14,Q9,Raid,Abhiz,33,36,9
2026-03-14,Q9,Raid,Prevail,33,37,7
2026-03-14,Q9,Raid,Skullguy,26,30,6
2026-03-14,Q9,Raid,Viper,26,30,9
2026-03-14,Q9,Raid,Warden,28,38,6
2026-03-14,Q9,Slums,Abhiz,4,13,2
2026-03-14,Q9,Slums,Prevail,12,13,1
2026-03-14,Q9,Slums,Skullguy,11,11,5
2026-03-14,Q9,Slums,Viper,7,11,2
2026-03-14,Q9,Slums,Warden,13,10,2
2026-03-16,XROCK,Hacienda,Abhiz,31,18,4
2026-03-16,XROCK,Hacienda,Prevail,29,20,14
2026-03-16,XROCK,Hacienda,Skullguy,22,20,17
2026-03-16,XROCK,Hacienda,Viper,30,22,12
2026-03-16,XROCK,Hacienda,Warden,37,20,18
2026-03-16,XROCK,Summit,Abhiz,36,30,17
2026-03-16,XROCK,Summit,Prevail,36,37,9
2026-03-16,XROCK,Summit,Skullguy,32,38,17
2026-03-16,XROCK,Summit,Viper,37,33,19
2026-03-16,XROCK,Summit,Warden,40,40,21
2026-03-16,XROCK,Standoff,Abhiz,25,17,2
2026-03-16,XROCK,Standoff,Prevail,30,19,5
2026-03-16,XROCK,Standoff,Skullguy,22,14,6
2026-03-16,XROCK,Standoff,Viper,29,15,9
2026-03-16,XROCK,Standoff,Warden,13,17,4
2026-03-16,XROCK,Crossroads Strike,Abhiz,34,30,7
2026-03-16,XROCK,Crossroads Strike,Prevail,44,36,6
2026-03-16,XROCK,Crossroads Strike,Skullguy,21,34,3
2026-03-16,XROCK,Crossroads Strike,Viper,31,35,9
2026-03-16,XROCK,Crossroads Strike,Warden,41,35,12
2026-03-16,ELV,Hacienda,Abhiz,42,39,21
2026-03-16,ELV,Hacienda,Prevail,41,45,18
2026-03-16,ELV,Hacienda,Skullguy,41,38,20
2026-03-16,ELV,Hacienda,Viper,46,40,10
2026-03-16,ELV,Hacienda,Warden,43,38,12
2026-03-16,ELV,Combine,Abhiz,40,44,26
2026-03-16,ELV,Combine,Prevail,40,49,14
2026-03-16,ELV,Combine,Skullguy,41,42,17
2026-03-16,ELV,Combine,Viper,46,48,19
2026-03-16,ELV,Combine,Warden,45,43,21
2026-03-16,ELV,Arsenal,Abhiz,19,37,12
2026-03-16,ELV,Arsenal,Prevail,35,31,12
2026-03-16,ELV,Arsenal,Skullguy,29,31,14
2026-03-16,ELV,Arsenal,Viper,32,34,12
2026-03-16,ELV,Arsenal,Warden,19,41,6
2026-03-16,ELV,Takeoff,Abhiz,48,42,15
2026-03-16,ELV,Takeoff,Prevail,52,55,23
2026-03-16,ELV,Takeoff,Skullguy,33,48,27
2026-03-16,ELV,Takeoff,Viper,45,46,22
2026-03-16,ELV,Takeoff,Warden,42,49,17
2026-03-16,ELV,Crossroads Strike,Abhiz,31,25,2
2026-03-16,ELV,Crossroads Strike,Prevail,20,25,10
2026-03-16,ELV,Crossroads Strike,Skullguy,17,19,1
2026-03-16,ELV,Crossroads Strike,Viper,22,25,6
2026-03-16,ELV,Crossroads Strike,Warden,17,26,8
2026-03-16,ELV,Standoff,Abhiz,28,14,8
2026-03-16,ELV,Standoff,Prevail,30,19,8
2026-03-16,ELV,Standoff,Skullguy,17,16,4
2026-03-16,ELV,Standoff,Viper,22,18,8
2026-03-16,ELV,Standoff,Warden,22,19,5
2026-03-16,ELV,Raid,Abhiz,35,38,7
2026-03-16,ELV,Raid,Prevail,42,41,9
2026-03-16,ELV,Raid,Skullguy,26,40,7
2026-03-16,ELV,Raid,Viper,28,38,9
2026-03-16,ELV,Raid,Warden,36,28,9
2026-03-16,ELV,Tunisia,Abhiz,8,12,5
2026-03-16,ELV,Tunisia,Prevail,14,12,3
2026-03-16,ELV,Tunisia,Skullguy,11,11,3
2026-03-16,ELV,Tunisia,Viper,12,12,4
2026-03-16,ELV,Tunisia,Warden,10,11,4
2026-03-17,PAC,Hacienda,Abhiz,43,22,18
2026-03-17,PAC,Hacienda,Prevail,28,31,15
2026-03-17,PAC,Hacienda,Skullguy,24,26,12
2026-03-17,PAC,Hacienda,Viper,41,24,8
2026-03-17,PAC,Hacienda,Warden,27,25,12
2026-03-17,PAC,Combine,Abhiz,30,29,13
2026-03-17,PAC,Combine,Prevail,38,32,15
2026-03-17,PAC,Combine,Skullguy,29,24,13
2026-03-17,PAC,Combine,Viper,43,27,12
2026-03-17,PAC,Combine,Warden,39,29,16
2026-03-17,PAC,Summit,Abhiz,37,27,16
2026-03-17,PAC,Summit,Prevail,22,38,18
2026-03-17,PAC,Summit,Skullguy,44,26,12
2026-03-17,PAC,Summit,Viper,39,30,15
2026-03-17,PAC,Summit,Warden,32,29,14
2026-03-17,PAC,Standoff,Abhiz,31,26,5
2026-03-17,PAC,Standoff,Prevail,27,32,3
2026-03-17,PAC,Standoff,Skullguy,18,26,6
2026-03-17,PAC,Standoff,Viper,27,30,2
2026-03-17,PAC,Standoff,Warden,23,25,10
2026-03-17,PAC,Raid,Abhiz,30,29,9
2026-03-17,PAC,Raid,Prevail,40,31,5
2026-03-17,PAC,Raid,Skullguy,28,27,5
2026-03-17,PAC,Raid,Viper,37,27,14
2026-03-17,PAC,Raid,Warden,30,28,6
2026-03-17,PAC,Coastal,Abhiz,15,10,3
2026-03-17,PAC,Coastal,Prevail,4,14,3
2026-03-17,PAC,Coastal,Skullguy,10,11,2
2026-03-17,PAC,Coastal,Viper,14,8,3
2026-03-17,PAC,Coastal,Warden,18,10,4
2026-03-17,GAL,Arsenal,Abhiz,37,27,17
2026-03-17,GAL,Arsenal,Prevail,41,34,10
2026-03-17,GAL,Arsenal,Skullguy,33,25,16
2026-03-17,GAL,Arsenal,Viper,40,27,19
2026-03-17,GAL,Arsenal,Warden,27,32,16
2026-03-17,GAL,Takeoff,Abhiz,40,43,16
2026-03-17,GAL,Takeoff,Prevail,49,44,20
2026-03-17,GAL,Takeoff,Skullguy,41,40,16
2026-03-17,GAL,Takeoff,Viper,39,44,19
2026-03-17,GAL,Takeoff,Warden,36,49,17
2026-03-17,GAL,Combine,Abhiz,31,24,16
2026-03-17,GAL,Combine,Prevail,35,26,15
2026-03-17,GAL,Combine,Skullguy,37,19,12
2026-03-17,GAL,Combine,Viper,39,25,17
2026-03-17,GAL,Combine,Warden,39,25,20
2026-03-17,GAL,Crossroads Strike,Abhiz,19,31,5
2026-03-17,GAL,Crossroads Strike,Prevail,25,27,11
2026-03-17,GAL,Crossroads Strike,Skullguy,20,27,3
2026-03-17,GAL,Crossroads Strike,Viper,22,28,10
2026-03-17,GAL,Crossroads Strike,Warden,29,24,7
2026-03-17,GAL,Raid,Abhiz,40,31,7
2026-03-17,GAL,Raid,Prevail,34,37,8
2026-03-17,GAL,Raid,Skullguy,27,38,4
2026-03-17,GAL,Raid,Viper,33,42,12
2026-03-17,GAL,Raid,Warden,35,38,10
2026-03-17,GAL,Tunisia,Abhiz,14,13,2
2026-03-17,GAL,Tunisia,Prevail,16,13,1
2026-03-17,GAL,Tunisia,Skullguy,11,12,3
2026-03-17,GAL,Tunisia,Viper,10,11,4
2026-03-17,GAL,Tunisia,Warden,10,13,5
2026-03-17,GAL,Slums,Abhiz,10,16,4
2026-03-17,GAL,Slums,Prevail,13,13,4
2026-03-17,GAL,Slums,Skullguy,17,10,2
2026-03-17,GAL,Slums,Viper,14,12,3
2026-03-17,GAL,Slums,Warden,13,13,6
2026-03-18,ELV,Summit,Abhiz,37,42,23
2026-03-18,ELV,Summit,Prevail,51,44,9
2026-03-18,ELV,Summit,Skullguy,34,47,23
2026-03-18,ELV,Summit,Viper,48,45,18
2026-03-18,ELV,Summit,Warden,34,43,16
2026-03-18,ELV,Hacienda,Abhiz,26,49,17
2026-03-18,ELV,Hacienda,Prevail,50,45,20
2026-03-18,ELV,Hacienda,Skullguy,33,44,21
2026-03-18,ELV,Hacienda,Viper,53,45,13
2026-03-18,ELV,Hacienda,Warden,45,44,14
2026-03-18,ELV,Raid,Abhiz,33,20,3
2026-03-18,ELV,Raid,Prevail,39,24,9
2026-03-18,ELV,Raid,Skullguy,20,22,4
2026-03-18,ELV,Raid,Viper,30,25,13
2026-03-18,ELV,Raid,Warden,21,22,7
2026-03-18,ELV,Crossroads Strike,Abhiz,30,28,9
2026-03-18,ELV,Crossroads Strike,Prevail,25,39,7
2026-03-18,ELV,Crossroads Strike,Skullguy,37,22,5
2026-03-18,ELV,Crossroads Strike,Viper,30,35,10
2026-03-18,ELV,Crossroads Strike,Warden,45,26,6
2026-03-18,ELV,Standoff,Abhiz,20,26,12
2026-03-18,ELV,Standoff,Prevail,36,25,9
2026-03-18,ELV,Standoff,Skullguy,24,20,6
2026-03-18,ELV,Standoff,Viper,42,16,9
2026-03-18,ELV,Standoff,Warden,21,26,10
2026-03-18,ELV,Tunisia,Abhiz,4,3,1
2026-03-18,ELV,Tunisia,Prevail,12,4,3
2026-03-18,ELV,Tunisia,Skullguy,6,2,2
2026-03-18,ELV,Tunisia,Viper,7,6,1
2026-03-18,ELV,Tunisia,Warden,7,2,2
2026-03-18,ELV,Firing Range,Abhiz,7,9,2
2026-03-18,ELV,Firing Range,Prevail,8,10,2
2026-03-18,ELV,Firing Range,Skullguy,14,9,3
2026-03-18,ELV,Firing Range,Viper,10,7,5
2026-03-18,ELV,Firing Range,Warden,6,9,2
2026-03-18,RVL,Crossroads Strike,Abhiz,38,27,7
2026-03-18,RVL,Crossroads Strike,Prevail,30,36,12
2026-03-18,RVL,Crossroads Strike,Skullguy,30,35,5
2026-03-18,RVL,Crossroads Strike,Viper,40,38,9
2026-03-18,RVL,Crossroads Strike,Warden,37,28,5
2026-03-18,RVL,Standoff,Abhiz,19,15,5
2026-03-18,RVL,Standoff,Prevail,25,15,10
2026-03-18,RVL,Standoff,Skullguy,16,14,3
2026-03-18,RVL,Standoff,Viper,31,13,6
2026-03-18,RVL,Standoff,Warden,28,18,6
2026-03-19,Q9,Arsenal,Abhiz,36,35,13
2026-03-19,Q9,Arsenal,Prevail,41,38,21
2026-03-19,Q9,Arsenal,Skullguy,33,36,18
2026-03-19,Q9,Arsenal,Viper,40,39,18
2026-03-19,Q9,Arsenal,Warden,30,47,15
2026-03-19,Q9,Summit,Abhiz,45,39,11
2026-03-19,Q9,Summit,Prevail,46,41,22
2026-03-19,Q9,Summit,Skullguy,42,34,18
2026-03-19,Q9,Summit,Viper,52,40,13
2026-03-19,Q9,Summit,Warden,33,43,21
2026-03-19,Q9,Standoff,Abhiz,22,24,2
2026-03-19,Q9,Standoff,Prevail,35,28,6
2026-03-19,Q9,Standoff,Skullguy,23,17,5
2026-03-19,Q9,Standoff,Viper,27,24,6
2026-03-19,Q9,Standoff,Warden,31,20,8
2026-03-19,Q9,Crossroads Strike,Abhiz,36,37,10
2026-03-19,Q9,Crossroads Strike,Prevail,46,40,10
2026-03-19,Q9,Crossroads Strike,Skullguy,44,29,6
2026-03-19,Q9,Crossroads Strike,Viper,31,38,12
2026-03-19,Q9,Crossroads Strike,Warden,37,40,14
2026-03-19,Q9,Tunisia,Abhiz,6,11,8
2026-03-19,Q9,Tunisia,Prevail,5,12,4
2026-03-19,Q9,Tunisia,Skullguy,16,9,0
2026-03-19,Q9,Tunisia,Viper,18,10,3
2026-03-19,Q9,Tunisia,Warden,5,11,6
2026-03-19,Q9,Meltdown,Abhiz,9,13,1
2026-03-19,Q9,Meltdown,Prevail,11,13,1
2026-03-19,Q9,Meltdown,Skullguy,8,12,1
2026-03-19,Q9,Meltdown,Viper,12,10,5
2026-03-19,Q9,Meltdown,Warden,8,10,5
2026-03-21,ALU,Summit,Abhiz,27,38,24
2026-03-21,ALU,Summit,Prevail,43,41,9
2026-03-21,ALU,Summit,Skullguy,43,34,17
2026-03-21,ALU,Summit,Viper,50,34,18
2026-03-21,ALU,Summit,Warden,32,44,17
2026-03-23,DVS,Hacienda,Abhiz,39,28,20
2026-03-23,DVS,Hacienda,Prevail,37,31,21
2026-03-23,DVS,Hacienda,Skullguy,37,27,18
2026-03-23,DVS,Hacienda,Viper,48,33,22
2026-03-23,DVS,Hacienda,Warden,34,30,20
2026-03-23,DVS,Arsenal,Abhiz,26,32,17
2026-03-23,DVS,Arsenal,Prevail,49,38,15
2026-03-23,DVS,Arsenal,Skullguy,36,34,18
2026-03-23,DVS,Arsenal,Viper,38,32,17
2026-03-23,DVS,Arsenal,Warden,34,37,18
2026-03-23,DVS,Raid,Abhiz,27,32,5
2026-03-23,DVS,Raid,Prevail,42,37,6
2026-03-23,DVS,Raid,Skullguy,24,37,6
2026-03-23,DVS,Raid,Viper,29,29,4
2026-03-23,DVS,Raid,Warden,28,29,9
2026-03-23,DVS,Crossroads Strike,Abhiz,32,23,11
2026-03-23,DVS,Crossroads Strike,Prevail,25,23,9
2026-03-23,DVS,Crossroads Strike,Skullguy,25,21,10
2026-03-23,DVS,Crossroads Strike,Viper,33,22,9
2026-03-23,DVS,Crossroads Strike,Warden,26,22,10
2026-03-23,DVS,Firing Range,Abhiz,13,7,4
2026-03-23,DVS,Firing Range,Prevail,14,12,6
2026-03-23,DVS,Firing Range,Skullguy,15,8,0
2026-03-23,DVS,Firing Range,Viper,9,10,3
2026-03-23,DVS,Firing Range,Warden,9,11,4
2026-03-23,DVS,Slums,Abhiz,14,11,2
2026-03-23,DVS,Slums,Prevail,8,13,0
2026-03-23,DVS,Slums,Skullguy,8,10,12
2026-03-23,DVS,Slums,Viper,7,12,5
2026-03-23,DVS,Slums,Warden,8,12,7
2026-03-23,ALU,Tunisia,Abhiz,9,11,2
2026-03-23,ALU,Tunisia,Prevail,17,14,4
2026-03-23,ALU,Tunisia,Skullguy,12,8,3
2026-03-23,ALU,Tunisia,Viper,10,11,2
2026-03-23,ALU,Tunisia,Warden,13,11,4
2026-03-23,ALU,Meltdown,Abhiz,18,10,2
2026-03-23,ALU,Meltdown,Prevail,14,13,3
2026-03-23,ALU,Meltdown,Skullguy,11,12,2
2026-03-23,ALU,Meltdown,Viper,11,12,2
2026-03-23,ALU,Meltdown,Warden,6,14,3
2026-03-23,ALU,Arsenal,Abhiz,24,34,13
2026-03-23,ALU,Arsenal,Prevail,39,35,17
2026-03-23,ALU,Arsenal,Skullguy,27,38,19
2026-03-23,ALU,Arsenal,Viper,41,32,12
2026-03-23,ALU,Arsenal,Warden,36,32,15
2026-03-23,ALU,Hacienda,Abhiz,34,33,11
2026-03-23,ALU,Hacienda,Prevail,26,34,14
2026-03-23,ALU,Hacienda,Skullguy,33,30,17
2026-03-23,ALU,Hacienda,Viper,28,39,8
2026-03-23,ALU,Hacienda,Warden,24,33,16
2026-03-23,ALU,Crossroads Strike,Abhiz,48,31,5
2026-03-23,ALU,Crossroads Strike,Prevail,33,39,13
2026-03-23,ALU,Crossroads Strike,Skullguy,47,30,13
2026-03-23,ALU,Crossroads Strike,Viper,29,36,9
2026-03-23,ALU,Crossroads Strike,Warden,27,43,13
2026-03-24,Q9,Arsenal,Abhiz,29,31,15
2026-03-24,Q9,Arsenal,Prevail,28,35,9
2026-03-24,Q9,Arsenal,Skullguy,15,32,15
2026-03-24,Q9,Arsenal,Viper,38,28,9
2026-03-24,Q9,Arsenal,Warden,31,34,12
2026-03-24,Q9,Hacienda,Abhiz,39,38,16
2026-03-24,Q9,Hacienda,Prevail,45,44,15
2026-03-24,Q9,Hacienda,Skullguy,56,40,21
2026-03-24,Q9,Hacienda,Viper,61,42,16
2026-03-24,Q9,Hacienda,Warden,34,54,26
2026-03-24,Q9,Crossroads Strike,Abhiz,10,24,4
2026-03-24,Q9,Crossroads Strike,Prevail,15,27,7
2026-03-24,Q9,Crossroads Strike,Skullguy,22,22,5
2026-03-24,Q9,Crossroads Strike,Viper,21,21,6
2026-03-24,Q9,Crossroads Strike,Warden,11,26,5
2026-03-24,Q9,Raid,Abhiz,34,23,2
2026-03-24,Q9,Raid,Prevail,26,27,10
2026-03-24,Q9,Raid,Skullguy,21,22,2
2026-03-24,Q9,Raid,Viper,30,21,9
2026-03-24,Q9,Raid,Warden,28,32,10
2026-03-24,Q9,Meltdown,Abhiz,10,11,13
2026-03-24,Q9,Meltdown,Prevail,17,12,2
2026-03-24,Q9,Meltdown,Skullguy,10,14,4
2026-03-24,Q9,Meltdown,Viper,19,13,2
2026-03-24,Q9,Meltdown,Warden,9,13,5
2026-03-24,Q9,Slums,Abhiz,6,13,5
2026-03-24,Q9,Slums,Prevail,12,15,4
2026-03-24,Q9,Slums,Skullguy,12,13,0
2026-03-24,Q9,Slums,Viper,17,11,2
2026-03-24,Q9,Slums,Warden,8,14,7
2026-03-24,ELV,Arsenal,Abhiz,38,32,19
2026-03-24,ELV,Arsenal,Prevail,36,33,13
2026-03-24,ELV,Arsenal,Skullguy,29,33,18
2026-03-24,ELV,Arsenal,Viper,33,29,11
2026-03-24,ELV,Arsenal,Warden,28,31,10
2026-03-24,ELV,Hacienda,Abhiz,44,35,28
2026-03-24,ELV,Hacienda,Prevail,46,41,18
2026-03-24,ELV,Hacienda,Skullguy,42,39,16
2026-03-24,ELV,Hacienda,Viper,53,35,19
2026-03-24,ELV,Hacienda,Warden,39,43,18
2026-03-24,ELV,Slums,Abhiz,6,10,2
2026-03-24,ELV,Slums,Prevail,8,9,1
2026-03-24,ELV,Slums,Skullguy,7,9,1
2026-03-24,ELV,Slums,Viper,4,9,2
2026-03-24,ELV,Slums,Warden,5,8,1
2026-03-24,ELV,Tunisia,Abhiz,10,9,4
2026-03-24,ELV,Tunisia,Prevail,5,11,3
2026-03-24,ELV,Tunisia,Skullguy,16,9,1
2026-03-24,ELV,Tunisia,Viper,7,9,2
2026-03-24,ELV,Tunisia,Warden,7,9,2
2026-03-24,ELV,Raid,Abhiz,30,28,9
2026-03-24,ELV,Raid,Prevail,34,40,9
2026-03-24,ELV,Raid,Skullguy,36,25,6
2026-03-24,ELV,Raid,Viper,40,24,11
2026-03-24,ELV,Raid,Warden,28,33,8
2026-03-24,ELV,Standoff,Abhiz,15,26,6
2026-03-24,ELV,Standoff,Prevail,22,21,6
2026-03-24,ELV,Standoff,Skullguy,12,21,1
2026-03-24,ELV,Standoff,Viper,15,24,6
2026-03-24,ELV,Standoff,Warden,18,28,5
2026-03-25,DVS,Combine,Abhiz,32,46,20
2026-03-25,DVS,Combine,Prevail,43,47,6
2026-03-25,DVS,Combine,Skullguy,44,38,15
2026-03-25,DVS,Combine,Viper,44,42,13
2026-03-25,DVS,Combine,Warden,36,47,22
2026-03-25,DVS,Arsenal,Abhiz,39,29,13
2026-03-25,DVS,Arsenal,Prevail,33,33,14
2026-03-25,DVS,Arsenal,Skullguy,31,28,15
2026-03-25,DVS,Arsenal,Viper,31,34,14
2026-03-25,DVS,Arsenal,Warden,30,30,11
2026-03-25,DVS,Hacienda,Abhiz,43,46,17
2026-03-25,DVS,Hacienda,Prevail,49,47,11
2026-03-25,DVS,Hacienda,Skullguy,37,46,17
2026-03-25,DVS,Hacienda,Viper,51,39,14
2026-03-25,DVS,Hacienda,Warden,39,40,17
2026-03-25,DVS,Raid,Abhiz,25,23,4
2026-03-25,DVS,Raid,Prevail,40,31,9
2026-03-25,DVS,Raid,Skullguy,21,26,4
2026-03-25,DVS,Raid,Viper,30,25,8
2026-03-25,DVS,Raid,Warden,21,31,12
2026-03-25,DVS,Crossroads Strike,Abhiz,32,24,8
2026-03-25,DVS,Crossroads Strike,Prevail,32,29,12
2026-03-25,DVS,Crossroads Strike,Skullguy,22,22,8
2026-03-25,DVS,Crossroads Strike,Viper,42,21,6
2026-03-25,DVS,Crossroads Strike,Warden,42,21,7
2026-03-25,DVS,Tunisia,Abhiz,7,7,3
2026-03-25,DVS,Tunisia,Prevail,11,8,4
2026-03-25,DVS,Tunisia,Skullguy,14,6,2
2026-03-25,DVS,Tunisia,Viper,6,7,6
2026-03-25,DVS,Tunisia,Warden,12,7,3
2026-03-25,ALU,Arsenal,Abhiz,30,36,16
2026-03-25,ALU,Arsenal,Prevail,40,37,16
2026-03-25,ALU,Arsenal,Skullguy,35,35,13
2026-03-25,ALU,Arsenal,Viper,36,37,15
2026-03-25,ALU,Arsenal,Warden,27,32,13
2026-03-25,ALU,Hacienda,Abhiz,35,34,21
2026-03-25,ALU,Hacienda,Prevail,42,33,21
2026-03-25,ALU,Hacienda,Skullguy,35,24,18
2026-03-25,ALU,Hacienda,Viper,53,27,9
2026-03-25,ALU,Hacienda,Warden,44,32,17
2026-03-25,ALU,Crossroads Strike,Abhiz,29,33,7
2026-03-25,ALU,Crossroads Strike,Prevail,50,37,10
2026-03-25,ALU,Crossroads Strike,Skullguy,26,37,6
2026-03-25,ALU,Crossroads Strike,Viper,30,33,10
2026-03-25,ALU,Crossroads Strike,Warden,28,39,7
2026-03-25,ALU,Firing Range,Abhiz,11,13,4
2026-03-25,ALU,Firing Range,Prevail,9,14,4
2026-03-25,ALU,Firing Range,Skullguy,13,11,5
2026-03-25,ALU,Firing Range,Viper,16,10,4
2026-03-25,ALU,Firing Range,Warden,11,11,2
2026-03-25,ALU,Coastal,Abhiz,9,11,1
2026-03-25,ALU,Coastal,Prevail,8,12,2
2026-03-25,ALU,Coastal,Skullguy,9,13,4
2026-03-25,ALU,Coastal,Viper,16,11,4
2026-03-25,ALU,Coastal,Warden,12,11,6
2026-03-25,ALU,Summit,Abhiz,42,44,20
2026-03-25,ALU,Summit,Prevail,43,48,13
2026-03-25,ALU,Summit,Skullguy,35,45,10
2026-03-25,ALU,Summit,Viper,40,43,21
2026-03-25,ALU,Summit,Warden,54,44,18
2026-03-25,ALU,Raid,Abhiz,35,24,3
2026-03-25,ALU,Raid,Prevail,36,26,8
2026-03-25,ALU,Raid,Skullguy,28,24,2
2026-03-25,ALU,Raid,Viper,36,31,7
2026-03-25,ALU,Raid,Warden,29,31,12
2026-03-26,OUG,Arsenal,Abhiz,26,28,12
2026-03-26,OUG,Arsenal,Prevail,21,30,4
2026-03-26,OUG,Arsenal,Skullguy,17,31,8
2026-03-26,OUG,Arsenal,Viper,9,34,10
2026-03-26,OUG,Arsenal,Warden,18,24,9
2026-03-26,OUG,Raid,Abhiz,31,22,7
2026-03-26,OUG,Raid,Prevail,43,32,9
2026-03-26,OUG,Raid,Skullguy,23,28,14
2026-03-26,OUG,Raid,Viper,23,26,9
2026-03-26,OUG,Raid,Warden,35,31,12
2026-03-26,ALU,Hacienda,Abhiz,62,36,28
2026-03-26,ALU,Hacienda,Prevail,38,50,19
2026-03-26,ALU,Hacienda,Skullguy,40,45,18
2026-03-26,ALU,Hacienda,Viper,51,47,17
2026-03-26,ALU,Hacienda,Warden,51,48,23
2026-03-26,ALU,Standoff,Abhiz,26,30,9
2026-03-26,ALU,Standoff,Prevail,31,31,5
2026-03-26,ALU,Standoff,Skullguy,31,21,0
2026-03-26,ALU,Standoff,Viper,37,23,7
2026-03-26,ALU,Standoff,Warden,33,25,6
2026-03-31,OUG,Hacienda,Abhiz,30,45,16
2026-03-31,OUG,Hacienda,Prevail,44,44,15
2026-03-31,OUG,Hacienda,Skullguy,34,44,14
2026-03-31,OUG,Hacienda,Viper,56,42,12
2026-03-31,OUG,Hacienda,Warden,39,45,20
2026-03-31,OUG,Arsenal,Abhiz,32,39,18
2026-03-31,OUG,Arsenal,Prevail,39,43,14
2026-03-31,OUG,Arsenal,Skullguy,43,36,17
2026-03-31,OUG,Arsenal,Viper,45,40,16
2026-03-31,OUG,Arsenal,Warden,33,41,16
2026-03-31,OUG,Crossroads Strike,Abhiz,30,16,4
2026-03-31,OUG,Crossroads Strike,Prevail,29,27,7
2026-03-31,OUG,Crossroads Strike,Skullguy,14,18,7
2026-03-31,OUG,Crossroads Strike,Viper,24,23,6
2026-03-31,OUG,Crossroads Strike,Warden,23,17,4
2026-03-31,OUG,Raid,Abhiz,29,35,7
2026-03-31,OUG,Raid,Prevail,33,39,5
2026-03-31,OUG,Raid,Skullguy,26,27,1
2026-03-31,OUG,Raid,Viper,33,35,10
2026-03-31,OUG,Raid,Warden,26,31,7
2026-03-31,XROCK,Combine,Abhiz,27,41,14
2026-03-31,XROCK,Combine,Prevail,40,38,17
2026-03-31,XROCK,Combine,Skullguy,45,34,14
2026-03-31,XROCK,Combine,Viper,36,41,22
2026-03-31,XROCK,Combine,Warden,48,37,16
2026-03-31,XROCK,Takeoff,Abhiz,31,32,20
2026-03-31,XROCK,Takeoff,Prevail,47,34,15
2026-03-31,XROCK,Takeoff,Skullguy,39,29,16
2026-03-31,XROCK,Takeoff,Viper,46,37,11
2026-03-31,XROCK,Takeoff,Warden,45,38,20
2026-03-31,XROCK,Hacienda,Abhiz,30,48,21
2026-03-31,XROCK,Hacienda,Prevail,56,53,10
2026-03-31,XROCK,Hacienda,Skullguy,35,45,17
2026-03-31,XROCK,Hacienda,Viper,57,47,16
2026-03-31,XROCK,Hacienda,Warden,41,52,21
2026-03-31,XROCK,Firing Range,Abhiz,13,13,2
2026-03-31,XROCK,Firing Range,Prevail,14,17,4
2026-03-31,XROCK,Firing Range,Skullguy,16,11,2
2026-03-31,XROCK,Firing Range,Viper,10,13,4
2026-03-31,XROCK,Firing Range,Warden,6,16,5
2026-03-31,XROCK,Slums,Abhiz,11,10,4
2026-03-31,XROCK,Slums,Prevail,17,13,2
2026-03-31,XROCK,Slums,Skullguy,11,11,3
2026-03-31,XROCK,Slums,Viper,5,11,5
2026-03-31,XROCK,Slums,Warden,8,13,5
2026-03-31,XROCK,Standoff,Abhiz,31,30,3
2026-03-31,XROCK,Standoff,Prevail,37,37,5
2026-03-31,XROCK,Standoff,Skullguy,34,23,8
2026-03-31,XROCK,Standoff,Viper,32,33,9
2026-03-31,XROCK,Standoff,Warden,25,37,6
2026-04-01,Wolves,Hacienda,Abhiz,40,49,19
2026-04-01,Wolves,Hacienda,Prevail,51,57,15
2026-04-01,Wolves,Hacienda,Skullguy,49,49,21
2026-04-01,Wolves,Hacienda,Viper,48,51,18
2026-04-01,Wolves,Hacienda,Warden,34,58,18
2026-04-01,Wolves,Arsenal,Abhiz,15,29,11
2026-04-01,Wolves,Arsenal,Prevail,17,31,7
2026-04-01,Wolves,Arsenal,Skullguy,20,26,7
2026-04-01,Wolves,Arsenal,Viper,16,28,9
2026-04-01,Wolves,Arsenal,Warden,20,35,5
2026-04-01,Wolves,Combine,Abhiz,19,37,10
2026-04-01,Wolves,Combine,Prevail,22,41,8
2026-04-01,Wolves,Combine,Skullguy,28,33,13
2026-04-01,Wolves,Combine,Viper,23,36,11
2026-04-01,Wolves,Combine,Warden,21,39,16
2026-04-01,Wolves,Summit,Abhiz,39,48,16
2026-04-01,Wolves,Summit,Prevail,36,54,19
2026-04-01,Wolves,Summit,Skullguy,41,38,19
2026-04-01,Wolves,Summit,Viper,43,41,24
2026-04-01,Wolves,Summit,Warden,52,44,19
2026-04-01,Wolves,Standoff,Abhiz,40,28,6
2026-04-01,Wolves,Standoff,Prevail,48,33,9
2026-04-01,Wolves,Standoff,Skullguy,23,25,4
2026-04-01,Wolves,Standoff,Viper,33,33,7
2026-04-01,Wolves,Standoff,Warden,26,30,11
2026-04-01,Wolves,Crossroads Strike,Abhiz,36,40,7
2026-04-01,Wolves,Crossroads Strike,Prevail,31,37,12
2026-04-01,Wolves,Crossroads Strike,Skullguy,26,32,9
2026-04-01,Wolves,Crossroads Strike,Viper,26,38,13
2026-04-01,Wolves,Crossroads Strike,Warden,37,39,9
2026-04-01,Wolves,Raid,Abhiz,30,33,9
2026-04-01,Wolves,Raid,Prevail,42,35,10
2026-04-01,Wolves,Raid,Skullguy,33,31,12
2026-04-01,Wolves,Raid,Viper,44,42,12
2026-04-01,Wolves,Raid,Warden,41,38,15
2026-04-01,Wolves,Tunisia,Abhiz,7,11,3
2026-04-01,Wolves,Tunisia,Prevail,9,11,0
2026-04-01,Wolves,Tunisia,Skullguy,6,9,1
2026-04-01,Wolves,Tunisia,Viper,8,11,3
2026-04-01,Wolves,Tunisia,Warden,11,10,3
2026-04-01,Wolves,Meltdown,Abhiz,10,12,2
2026-04-01,Wolves,Meltdown,Prevail,10,13,4
2026-04-01,Wolves,Meltdown,Skullguy,8,12,0
2026-04-01,Wolves,Meltdown,Viper,17,12,2
2026-04-01,Wolves,Meltdown,Warden,9,11,6
2026-04-04,ELV,Takeoff,Abhiz,48,41,17
2026-04-04,ELV,Takeoff,Prevail,43,51,23
2026-04-04,ELV,Takeoff,Skullguy,43,44,20
2026-04-04,ELV,Takeoff,Viper,60,34,18
2026-04-04,ELV,Takeoff,Warden,50,41,16
2026-04-04,ELV,Arsenal,Abhiz,49,42,20
2026-04-04,ELV,Arsenal,Prevail,42,46,16
2026-04-04,ELV,Arsenal,Skullguy,45,44,20
2026-04-04,ELV,Arsenal,Viper,34,38,17
2026-04-04,ELV,Arsenal,Warden,43,47,18
2026-04-04,ELV,Combine,Abhiz,23,34,10
2026-04-04,ELV,Combine,Prevail,25,38,13
2026-04-04,ELV,Combine,Skullguy,13,37,11
2026-04-04,ELV,Combine,Viper,44,34,8
2026-04-04,ELV,Combine,Warden,28,36,10
2026-04-04,ELV,Standoff,Abhiz,35,24,5
2026-04-04,ELV,Standoff,Prevail,25,22,5
2026-04-04,ELV,Standoff,Skullguy,17,17,1
2026-04-04,ELV,Standoff,Viper,28,19,4
2026-04-04,ELV,Standoff,Warden,15,19,9
2026-04-04,ELV,Raid,Abhiz,46,29,4
2026-04-04,ELV,Raid,Prevail,37,53,9
2026-04-04,ELV,Raid,Skullguy,31,29,4
2026-04-04,ELV,Raid,Viper,34,35,13
2026-04-04,ELV,Raid,Warden,31,39,16
2026-04-04,ELV,Slums,Abhiz,14,12,3
2026-04-04,ELV,Slums,Prevail,14,12,5
2026-04-04,ELV,Slums,Skullguy,10,11,3
2026-04-04,ELV,Slums,Viper,15,11,5
2026-04-04,ELV,Slums,Warden,12,13,4
2026-04-04,OUG,Combine,Abhiz,41,40,20
2026-04-04,OUG,Combine,Prevail,41,43,8
2026-04-04,OUG,Combine,Skullguy,32,39,20
2026-04-04,OUG,Combine,Viper,39,45,22
2026-04-04,OUG,Combine,Warden,48,35,20
2026-04-04,OUG,Summit,Abhiz,46,40,14
2026-04-04,OUG,Summit,Prevail,39,47,15
2026-04-04,OUG,Summit,Skullguy,31,43,18
2026-04-04,OUG,Summit,Viper,46,49,13
2026-04-04,OUG,Summit,Warden,42,44,20
2026-04-04,OUG,Coastal,Abhiz,10,11,1
2026-04-04,OUG,Coastal,Prevail,6,14,2
2026-04-04,OUG,Coastal,Skullguy,7,12,2
2026-04-04,OUG,Coastal,Viper,13,9,3
2026-04-04,OUG,Coastal,Warden,9,12,6
2026-04-04,OUG,Standoff,Abhiz,47,41,8
2026-04-04,OUG,Standoff,Prevail,38,33,16
2026-04-04,OUG,Standoff,Skullguy,34,30,11
2026-04-04,OUG,Standoff,Viper,41,31,12
2026-04-04,OUG,Standoff,Warden,28,42,10
2026-04-07,OUG,Takeoff,Abhiz,46,42,20
2026-04-07,OUG,Takeoff,Prevail,57,42,15
2026-04-07,OUG,Takeoff,Skullguy,34,41,21
2026-04-07,OUG,Takeoff,Viper,44,45,19
2026-04-07,OUG,Takeoff,Warden,46,42,13
2026-04-07,OUG,Summit,Abhiz,45,42,10
2026-04-07,OUG,Summit,Prevail,31,43,15
2026-04-07,OUG,Summit,Skullguy,38,41,17
2026-04-07,OUG,Summit,Viper,50,37,10
2026-04-07,OUG,Summit,Warden,36,39,16
2026-04-07,OUG,Standoff,Abhiz,36,17,6
2026-04-07,OUG,Standoff,Prevail,37,29,8
2026-04-07,OUG,Standoff,Skullguy,26,23,3
2026-04-07,OUG,Standoff,Viper,30,24,10
2026-04-07,OUG,Standoff,Warden,15,23,6
2026-04-07,OUG,Crossroads Strike,Abhiz,30,19,7
2026-04-07,OUG,Crossroads Strike,Prevail,27,30,9
2026-04-07,OUG,Crossroads Strike,Skullguy,31,18,7
2026-04-07,OUG,Crossroads Strike,Viper,37,25,7
2026-04-07,OUG,Crossroads Strike,Warden,22,26,9
2026-04-07,OUG,Firing Range,Abhiz,13,9,1
2026-04-07,OUG,Firing Range,Prevail,10,13,3
2026-04-07,OUG,Firing Range,Skullguy,10,11,4
2026-04-07,OUG,Firing Range,Viper,9,14,3
2026-04-07,OUG,Firing Range,Warden,10,12,2
2026-04-07,OUG,Tunisia,Abhiz,10,9,5
2026-04-07,OUG,Tunisia,Prevail,12,10,6
2026-04-07,OUG,Tunisia,Skullguy,19,9,4
2026-04-07,OUG,Tunisia,Viper,13,11,3
2026-04-07,OUG,Tunisia,Warden,9,11,6
2026-04-07,XROCK,Summit,Abhiz,33,23,15
2026-04-07,XROCK,Summit,Prevail,40,25,7
2026-04-07,XROCK,Summit,Skullguy,28,27,17
2026-04-07,XROCK,Summit,Viper,49,18,12
2026-04-07,XROCK,Summit,Warden,32,27,20
2026-04-07,XROCK,Combine,Abhiz,22,18,13
2026-04-07,XROCK,Combine,Prevail,25,23,8
2026-04-07,XROCK,Combine,Skullguy,25,20,19
2026-04-07,XROCK,Combine,Viper,33,18,7
2026-04-07,XROCK,Combine,Warden,33,19,15
2026-04-07,XROCK,Tunisia,Abhiz,11,12,3
2026-04-07,XROCK,Tunisia,Prevail,5,11,4
2026-04-07,XROCK,Tunisia,Skullguy,6,11,2
2026-04-07,XROCK,Tunisia,Viper,14,10,1
2026-04-07,XROCK,Tunisia,Warden,11,11,0
2026-04-07,XROCK,Raid,Abhiz,28,27,4
2026-04-07,XROCK,Raid,Prevail,41,34,14
2026-04-07,XROCK,Raid,Skullguy,25,27,2
2026-04-07,XROCK,Raid,Viper,33,30,7
2026-04-07,XROCK,Raid,Warden,25,36,10
2026-04-07,XROCK,Crossroads Strike,Abhiz,29,10,7
2026-04-07,XROCK,Crossroads Strike,Prevail,20,19,8
2026-04-07,XROCK,Crossroads Strike,Skullguy,19,12,4
2026-04-07,XROCK,Crossroads Strike,Viper,27,16,7
2026-04-07,XROCK,Crossroads Strike,Warden,24,13,7
2026-04-07,XROCK,Meltdown,Abhiz,12,8,0
2026-04-07,XROCK,Meltdown,Prevail,10,7,1
2026-04-07,XROCK,Meltdown,Skullguy,6,9,7
2026-04-07,XROCK,Meltdown,Viper,17,4,3
2026-04-07,XROCK,Meltdown,Warden,14,10,4
2026-04-08,Wolves,Summit,Abhiz,40,40,19
2026-04-08,Wolves,Summit,Prevail,3,41,14
2026-04-08,Wolves,Summit,Skullguy,47,34,23
2026-04-08,Wolves,Summit,Viper,50,34,12
2026-04-08,Wolves,Summit,Warden,32,37,15
2026-04-08,Wolves,Hacienda,Abhiz,32,47,16
2026-04-08,Wolves,Hacienda,Prevail,35,47,13
2026-04-08,Wolves,Hacienda,Skullguy,41,43,15
2026-04-08,Wolves,Hacienda,Viper,37,41,15
2026-04-08,Wolves,Hacienda,Warden,39,50,16
2026-04-08,Wolves,Crossroads Strike,Abhiz,25,26,2
2026-04-08,Wolves,Crossroads Strike,Prevail,19,30,6
2026-04-08,Wolves,Crossroads Strike,Skullguy,25,24,5
2026-04-08,Wolves,Crossroads Strike,Viper,29,30,10
2026-04-08,Wolves,Crossroads Strike,Warden,27,25,7
2026-04-08,Wolves,Raid,Abhiz,22,27,5
2026-04-08,Wolves,Raid,Prevail,31,26,7
2026-04-08,Wolves,Raid,Skullguy,21,23,2
2026-04-08,Wolves,Raid,Viper,28,28,9 
2026-04-08,Wolves,Raid,Warden,24,34,6
2026-04-08,Wolves,Firing Range,Abhiz,7,10,0
2026-04-08,Wolves,Firing Range,Prevail,10,11,3
2026-04-08,Wolves,Firing Range,Skullguy,9,11,3
2026-04-08,Wolves,Firing Range,Viper,7,12,1
2026-04-08,Wolves,Firing Range,Warden,9,13,3
2026-04-08,Wolves,Coastal,Abhiz,6,15,2
2026-04-08,Wolves,Coastal,Prevail,14,13,6
2026-04-08,Wolves,Coastal,Skullguy,12,11,2
2026-04-08,Wolves,Coastal,Viper,10,12,4
2026-04-08,Wolves,Coastal,Warden,17,12,4
2026-04-08,GAL,Hacienda,Abhiz,40,29,27
2026-04-08,GAL,Hacienda,Prevail,35,29,15
2026-04-08,GAL,Hacienda,Skullguy,30,31,24
2026-04-08,GAL,Hacienda,Viper,48,24,20
2026-04-08,GAL,Hacienda,Warden,44,28,16
2026-04-08,GAL,Arsenal,Abhiz,27,40,15
2026-04-08,GAL,Arsenal,Prevail,31,39,13
2026-04-08,GAL,Arsenal,Skullguy,24,34,7
2026-04-08,GAL,Arsenal,Viper,33,41,24
2026-04-08,GAL,Arsenal,Warden,28,45,16
2026-04-08,GAL,Raid,Abhiz,27,26,7
2026-04-08,GAL,Raid,Prevail,32,22,8
2026-04-08,GAL,Raid,Skullguy,14,20,9
2026-04-08,GAL,Raid,Viper,37,24,6
2026-04-08,GAL,Raid,Warden,35,23,4
2026-04-08,GAL,Standoff,Abhiz,42,42,7
2026-04-08,GAL,Standoff,Prevail,39,42,14
2026-04-08,GAL,Standoff,Skullguy,39,32,12
2026-04-08,GAL,Standoff,Viper,39,32,11
2026-04-08,GAL,Standoff,Warden,35,35,25
2026-04-08,GAL,Meltdown,Abhiz,12,10,6
2026-04-08,GAL,Meltdown,Prevail,6,12,3
2026-04-08,GAL,Meltdown,Skullguy,16,9,5
2026-04-08,GAL,Meltdown,Viper,10,12,3
2026-04-08,GAL,Meltdown,Warden,10,10,5
2026-04-08,GAL,Firing Range,Abhiz,15,12,0
2026-04-08,GAL,Firing Range,Prevail,15,9,5
2026-04-08,GAL,Firing Range,Skullguy,4,11,3
2026-04-08,GAL,Firing Range,Viper,13,11,5
2026-04-08,GAL,Firing Range,Warden,16,11,4
2026-04-09,Wolves,Summit,Abhiz,42,37,15
2026-04-09,Wolves,Summit,Prevail,40,34,9
2026-04-09,Wolves,Summit,Skullguy,39,35,20
2026-04-09,Wolves,Summit,Viper,45,31,24
2026-04-09,Wolves,Summit,Warden,35,43,14
2026-04-09,Wolves,Combine,Abhiz,61,41,18
2026-04-09,Wolves,Combine,Prevail,42,44,16
2026-04-09,Wolves,Combine,Skullguy,43,42,22
2026-04-09,Wolves,Combine,Viper,39,46,25
2026-04-09,Wolves,Combine,Warden,53,43,19
2026-04-09,Wolves,Crossroads Strike,Abhiz,11,26,6
2026-04-09,Wolves,Crossroads Strike,Prevail,20,23,4
2026-04-09,Wolves,Crossroads Strike,Skullguy,17,22,3
2026-04-09,Wolves,Crossroads Strike,Viper,16,23,5
2026-04-09,Wolves,Crossroads Strike,Warden,13,26,7
2026-04-09,Wolves,Standoff,Abhiz,39,29,11
2026-04-09,Wolves,Standoff,Prevail,33,39,13
2026-04-09,Wolves,Standoff,Skullguy,25,30,0
2026-04-09,Wolves,Standoff,Viper,34,26,10
2026-04-09,Wolves,Standoff,Warden,26,28,5
2026-04-09,Wolves,Meltdown,Abhiz,10,8,1
2026-04-09,Wolves,Meltdown,Prevail,18,6,3
2026-04-09,Wolves,Meltdown,Skullguy,6,8,9
2026-04-09,Wolves,Meltdown,Viper,12,8,2
2026-04-09,Wolves,Meltdown,Warden,7,10,2
2026-04-09,ALU,Arsenal,Abhiz,34,35,11
2026-04-09,ALU,Arsenal,Prevail,31,35,23
2026-04-09,ALU,Arsenal,Skullguy,34,36,16
2026-04-09,ALU,Arsenal,Viper,32,37,8
2026-04-09,ALU,Arsenal,Warden,28,39,12
2026-04-09,ALU,Takeoff,Abhiz,34,47,22
2026-04-09,ALU,Takeoff,Prevail,41,44,16
2026-04-09,ALU,Takeoff,Skullguy,37,45,21
2026-04-09,ALU,Takeoff,Viper,52,44,16
2026-04-09,ALU,Takeoff,Warden,49,51,26
2026-04-09,ALU,Slums,Abhiz,15,12,2
2026-04-09,ALU,Slums,Prevail,4,15,5
2026-04-09,ALU,Slums,Skullguy,21,11,3
2026-04-09,ALU,Slums,Viper,12,12,5
2026-04-09,ALU,Slums,Warden,14,13,4
2026-04-09,ALU,Firing Range,Abhiz,11,13,2
2026-04-09,ALU,Firing Range,Prevail,14,12,2
2026-04-09,ALU,Firing Range,Skullguy,7,12,5
2026-04-09,ALU,Firing Range,Viper,14,12,4
2026-04-09,ALU,Firing Range,Warden,8,13,1
2026-04-12,ALU,Takeoff,Abhiz,46,49,24
2026-04-12,ALU,Takeoff,Prevail,50,53,19
2026-04-12,ALU,Takeoff,Skullguy,45,52,27
2026-04-12,ALU,Takeoff,Viper,48,56,22
2026-04-12,ALU,Takeoff,Warden,52,50,18
2026-04-12,ALU,Hacienda,Abhiz,52,52,19
2026-04-12,ALU,Hacienda,Prevail,48,57,26
2026-04-12,ALU,Hacienda,Skullguy,49,49,18
2026-04-12,ALU,Hacienda,Viper,56,58,20
2026-04-12,ALU,Hacienda,Warden,52,52,19
2026-04-11,ELV,Standoff,Abhiz,34,26,7
2026-04-11,ELV,Standoff,Prevail,35,32,8
2026-04-11,ELV,Standoff,Skullguy,28,24,5
2026-04-11,ELV,Standoff,Viper,28,26,8
2026-04-11,ELV,Standoff,Warden,34,28,7
2026-04-11,ELV,Crossroads Strike,Abhiz,36,26,3
2026-04-11,ELV,Crossroads Strike,Prevail,33,32,11
2026-04-11,ELV,Crossroads Strike,Skullguy,44,26,2
2026-04-11,ELV,Crossroads Strike,Viper,24,35,13
2026-04-11,ELV,Crossroads Strike,Warden,33,34,7
2026-04-11,ELV,Summit,Abhiz,45,39,13
2026-04-11,ELV,Summit,Prevail,37,39,12
2026-04-11,ELV,Summit,Skullguy,33,38,21
2026-04-11,ELV,Summit,Viper,37,37,15
2026-04-11,ELV,Summit,Warden,35,41,12
2026-04-11,ELV,Combine,Abhiz,39,37,21
2026-04-11,ELV,Combine,Prevail,55,38,26
2026-04-11,ELV,Combine,Skullguy,46,33,28
2026-04-11,ELV,Combine,Viper,53,42,30
2026-04-11,ELV,Combine,Warden,40,42,19
2026-04-11,ELV,Meltdown,Abhiz,1,12,0
2026-04-11,ELV,Meltdown,Prevail,11,12,5
2026-04-11,ELV,Meltdown,Skullguy,9,13,1
2026-04-11,ELV,Meltdown,Viper,9,9,4
2026-04-11,ELV,Meltdown,Warden,8,10,3
2026-04-11,ELV,Tunisia,Abhiz,9,11,0
2026-04-11,ELV,Tunisia,Prevail,18,11,1
2026-04-11,ELV,Tunisia,Skullguy,7,13,1
2026-04-11,ELV,Tunisia,Viper,11,11,1
2026-04-11,ELV,Tunisia,Warden,3,13,6
2026-04-14,Q9,Takeoff,Abhiz,56,34,15
2026-04-14,Q9,Takeoff,Prevail,37,42,25
2026-04-14,Q9,Takeoff,Skullguy,42,38,14
2026-04-14,Q9,Takeoff,Viper,48,37,24
2026-04-14,Q9,Takeoff,Warden,44,38,20
2026-04-14,Q9,Arsenal,Abhiz,33,32,19
2026-04-14,Q9,Arsenal,Prevail,23,34,10
2026-04-14,Q9,Arsenal,Skullguy,34,30,13
2026-04-14,Q9,Arsenal,Viper,37,33,14
2026-04-14,Q9,Arsenal,Warden,26,40,10
2026-04-14,Q9,Standoff,Abhiz,27,28,7
2026-04-14,Q9,Standoff,Prevail,29,35,11
2026-04-14,Q9,Standoff,Skullguy,24,35,8
2026-04-14,Q9,Standoff,Viper,32,26,7
2026-04-14,Q9,Standoff,Warden,34,35,3
2026-04-14,Q9,Raid,Abhiz,31,25,3
2026-04-14,Q9,Raid,Prevail,35,28,13
2026-04-14,Q9,Raid,Skullguy,30,16,10
2026-04-14,Q9,Raid,Viper,29,25,9
2026-04-14,Q9,Raid,Warden,18,30,17
2026-04-14,Q9,Tunisia,Abhiz,9,12,0
2026-04-14,Q9,Tunisia,Prevail,10,15,3
2026-04-14,Q9,Tunisia,Skullguy,8,14,6
2026-04-14,Q9,Tunisia,Viper,19,10,0
2026-04-14,Q9,Tunisia,Warden,13,12,4
2026-04-14,Q9,Firing Range,Abhiz,8,11,0
2026-04-14,Q9,Firing Range,Prevail,7,9,6
2026-04-14,Q9,Firing Range,Skullguy,13,7,2
2026-04-14,Q9,Firing Range,Viper,5,6,1
2026-04-14,Q9,Firing Range,Warden,12,12,8
2026-04-14,OUG,Combine,Abhiz,45,38,10
2026-04-14,OUG,Combine,Prevail,38,44,15
2026-04-14,OUG,Combine,Skullguy,24,37,20
2026-04-14,OUG,Combine,Viper,38,44,15
2026-04-14,OUG,Combine,Warden,34,42,13
2026-04-14,OUG,Summit,Abhiz,48,38,15
2026-04-14,OUG,Summit,Prevail,29,46,17
2026-04-14,OUG,Summit,Skullguy,38,35,17
2026-04-14,OUG,Summit,Viper,38,42,13
2026-04-14,OUG,Summit,Warden,27,46,19
2026-04-14,OUG,Standoff,Abhiz,37,42,5
2026-04-14,OUG,Standoff,Prevail,36,43,15
2026-04-14,OUG,Standoff,Skullguy,41,37,10
2026-04-14,OUG,Standoff,Viper,35,38,15
2026-04-14,OUG,Standoff,Warden,36,35,13
2026-04-14,OUG,Crossroads Strike,Abhiz,29,15,10
2026-04-14,OUG,Crossroads Strike,Prevail,20,23,5
2026-04-14,OUG,Crossroads Strike,Skullguy,18,20,11
2026-04-14,OUG,Crossroads Strike,Viper,26,19,6
2026-04-14,OUG,Crossroads Strike,Warden,27,22,7
2026-04-14,OUG,Coastal,Abhiz,10,8,1
2026-04-14,OUG,Coastal,Prevail,8,11,4
2026-04-14,OUG,Coastal,Skullguy,8,8,0
2026-04-14,OUG,Coastal,Viper,12,10,7
2026-04-14,OUG,Coastal,Warden,14,5,4
2026-04-14,OUG,Slums,Abhiz,15,5,1
2026-04-14,OUG,Slums,Prevail,7,8,4
2026-04-14,OUG,Slums,Skullguy,5,10,4
2026-04-14,OUG,Slums,Viper,4,7,1
2026-04-14,OUG,Slums,Warden,11,8,3
2026-04-21,ALU,Hacienda,Abhiz,31,40,19
2026-04-21,ALU,Hacienda,Prevail,33,37,14
2026-04-21,ALU,Hacienda,Skullguy,23,35,17
2026-04-21,ALU,Hacienda,Viper,43,39,11
2026-04-21,ALU,Hacienda,Warden,30,41,8
2026-04-21,ALU,Coastal,Abhiz,9,12,3
2026-04-21,ALU,Coastal,Prevail,11,15,6
2026-04-21,ALU,Coastal,Skullguy,14,12,7
2026-04-21,ALU,Coastal,Viper,11,13,3
2026-04-21,ALU,Coastal,Warden,8,15,4
2026-04-21,ALU,Standoff,Abhiz,36,29,6
2026-04-21,ALU,Standoff,Prevail,28,33,12
2026-04-21,ALU,Standoff,Skullguy,15,25,6
2026-04-21,ALU,Standoff,Viper,26,29,9
2026-04-21,ALU,Standoff,Warden,25,29,4
2026-04-21,ALU,Arsenal,Abhiz,31,35,6
2026-04-21,ALU,Arsenal,Prevail,38,33,16
2026-04-21,ALU,Arsenal,Skullguy,25,35,16
2026-04-21,ALU,Arsenal,Viper,33,35,9
2026-04-21,ALU,Arsenal,Warden,33,40,9
2026-04-21,OUG,Takeoff,Abhiz,47,37,17
2026-04-21,OUG,Takeoff,Prevail,33,47,22
2026-04-21,OUG,Takeoff,Skullguy,38,39,12
2026-04-21,OUG,Takeoff,Viper,44,40,11
2026-04-21,OUG,Takeoff,Warden,44,40,9
2026-04-21,OUG,Combine,Abhiz,39,44,23
2026-04-21,OUG,Combine,Prevail,52,45,11
2026-04-21,OUG,Combine,Skullguy,35,44,12
2026-04-21,OUG,Combine,Viper,41,47,21
2026-04-21,OUG,Combine,Warden,44,49,16
2026-04-21,OUG,Standoff,Abhiz,41,35,10
2026-04-21,OUG,Standoff,Prevail,31,45,13
2026-04-21,OUG,Standoff,Skullguy,45,28,8
2026-04-21,OUG,Standoff,Viper,44,26,9
2026-04-21,OUG,Standoff,Warden,31,41,15
2026-04-21,OUG,Raid,Abhiz,27,24,5
2026-04-21,OUG,Raid,Prevail,32,30,9
2026-04-21,OUG,Raid,Skullguy,24,18,5
2026-04-21,OUG,Raid,Viper,34,26,5
2026-04-21,OUG,Raid,Warden,26,25,7
2026-04-21,OUG,Tunisia,Abhiz,14,11,1
2026-04-21,OUG,Tunisia,Prevail,13,14,3
2026-04-21,OUG,Tunisia,Skullguy,2,11,3
2026-04-21,OUG,Tunisia,Viper,9,11,1
2026-04-21,OUG,Tunisia,Warden,8,11,3
2026-04-21,OUG,Firing Range,Abhiz,10,12,2
2026-04-21,OUG,Firing Range,Prevail,11,11,3
2026-04-21,OUG,Firing Range,Skullguy,11,13,6
2026-04-21,OUG,Firing Range,Viper,18,13,3
2026-04-21,OUG,Firing Range,Warden,6,13,5
