date,competition,stage,team1,team2,banned_by,map
2026-06-25,CDM,Stage 1,OUG,GAL,OUG,Firing Range
2026-06-25,CDM,Stage 1,OUG,GAL,OUG,Combine
2026-06-25,CDM,Stage 1,OUG,GAL,OUG,Crossroads Strike
2026-06-25,CDM,Stage 1,OUG,GAL,GAL,Standoff
2026-06-25,CDM,Stage 1,OUG,GAL,GAL,Arsenal
2026-06-25,CDM,Stage 1,OUG,GAL,GAL,Tunisia
2026-06-25,CDM,Stage 1,ALU,Q9,ALU,Standoff
2026-06-25,CDM,Stage 1,ALU,Q9,ALU,Takeoff
2026-06-25,CDM,Stage 1,ALU,Q9,ALU,Tunisia
2026-06-25,CDM,Stage 1,ALU,Q9,Q9,Slums
2026-06-25,CDM,Stage 1,ALU,Q9,Q9,Arsenal
2026-06-25,CDM,Stage 1,ALU,Q9,Q9,Raid
2026-06-25,CDM,Stage 1,ELV,Wolves,ELV,Standoff
2026-06-25,CDM,Stage 1,ELV,Wolves,ELV,Combine
2026-06-25,CDM,Stage 1,ELV,Wolves,ELV,Tunisia
2026-06-25,CDM,Stage 1,ELV,Wolves,Wolves,Meltdown
2026-06-25,CDM,Stage 1,ELV,Wolves,Wolves,Arsenal
2026-06-25,CDM,Stage 1,ELV,Wolves,Wolves,Raid
2026-06-25,CDM,Stage 1,PAC,RVL,PAC,Meltdown
2026-06-25,CDM,Stage 1,PAC,RVL,PAC,Arsenal
2026-06-25,CDM,Stage 1,PAC,RVL,PAC,Crossroads Strike
2026-06-25,CDM,Stage 1,PAC,RVL,RVL,Raid
2026-06-25,CDM,Stage 1,PAC,RVL,RVL,Combine
2026-06-25,CDM,Stage 1,PAC,RVL,RVL,Slums
2026-06-26,CDM,Stage 1,OUG,Wolves,OUG,Firing Range
2026-06-26,CDM,Stage 1,OUG,Wolves,OUG,Summit
2026-06-26,CDM,Stage 1,OUG,Wolves,OUG,Crossroads Strike
2026-06-26,CDM,Stage 1,OUG,Wolves,Wolves,Standoff
2026-06-26,CDM,Stage 1,OUG,Wolves,Wolves,Arsenal
2026-06-26,CDM,Stage 1,OUG,Wolves,Wolves,Meltdown
2026-06-26,CDM,Stage 1,Q9,GAL,Q9,Slums
2026-06-26,CDM,Stage 1,Q9,GAL,Q9,Takeoff
2026-06-26,CDM,Stage 1,Q9,GAL,Q9,Raid
2026-06-26,CDM,Stage 1,Q9,GAL,GAL,Standoff
2026-06-26,CDM,Stage 1,Q9,GAL,GAL,Hacienda
2026-06-26,CDM,Stage 1,Q9,GAL,GAL,Tunisia
2026-06-26,CDM,Stage 1,SPG,i7,SPG,Slums
2026-06-26,CDM,Stage 1,SPG,i7,SPG,Takeoff
2026-06-26,CDM,Stage 1,SPG,i7,SPG,Raid
2026-06-26,CDM,Stage 1,SPG,i7,i7,Standoff
2026-06-26,CDM,Stage 1,SPG,i7,i7,Arsenal
2026-06-26,CDM,Stage 1,SPG,i7,i7,Firing Range
2026-06-26,CDM,Stage 1,RAG,RVL,RAG,Slums
2026-06-26,CDM,Stage 1,RAG,RVL,RAG,Takeoff
2026-06-26,CDM,Stage 1,RAG,RVL,RAG,Raid
2026-06-26,CDM,Stage 1,RAG,RVL,RVL,Crossroads Strike
2026-06-26,CDM,Stage 1,RAG,RVL,RVL,Combine
2026-06-26,CDM,Stage 1,RAG,RVL,RVL,Meltdown
2026-06-27,CDM,Stage 1,XROCK,SPG,XROCK,Firing Range
2026-06-27,CDM,Stage 1,XROCK,SPG,XROCK,Summit
2026-06-27,CDM,Stage 1,XROCK,SPG,XROCK,Crossroads Strike
2026-06-27,CDM,Stage 1,XROCK,SPG,SPG,Raid
2026-06-27,CDM,Stage 1,XROCK,SPG,SPG,Hacienda
2026-06-27,CDM,Stage 1,XROCK,SPG,SPG,Slums
2026-06-27,CDM,Stage 1,i7,RVL,i7,Meltdown
2026-06-27,CDM,Stage 1,i7,RVL,i7,Takeoff
2026-06-27,CDM,Stage 1,i7,RVL,i7,Crossroads Strike
2026-06-27,CDM,Stage 1,i7,RVL,RVL,Raid
2026-06-27,CDM,Stage 1,i7,RVL,RVL,Combine
2026-06-27,CDM,Stage 1,i7,RVL,RVL,Slums
2026-06-27,CDM,Stage 1,Q9,DVS,Q9,Slums
2026-06-27,CDM,Stage 1,Q9,DVS,Q9,Summit
2026-06-27,CDM,Stage 1,Q9,DVS,Q9,Raid
2026-06-27,CDM,Stage 1,Q9,DVS,DVS,Crossroads Strike
2026-06-27,CDM,Stage 1,Q9,DVS,DVS,Hacienda
2026-06-27,CDM,Stage 1,Q9,DVS,DVS,Meltdown
2026-06-27,CDM,Stage 1,OUG,ELV,OUG,Coastal
2026-06-27,CDM,Stage 1,OUG,ELV,OUG,Summit
2026-06-27,CDM,Stage 1,OUG,ELV,OUG,Crossroads Strike
2026-06-27,CDM,Stage 1,OUG,ELV,ELV,Standoff
2026-06-27,CDM,Stage 1,OUG,ELV,ELV,Combine
2026-06-27,CDM,Stage 1,OUG,ELV,ELV,Tunisia
2026-06-28,CDM,Stage 1,GL,OUG,GL,Slums
2026-06-28,CDM,Stage 1,GL,OUG,GL,Takeoff
2026-06-28,CDM,Stage 1,GL,OUG,GL,Raid
2026-06-28,CDM,Stage 1,GL,OUG,OUG,Crossroads Strike
2026-06-28,CDM,Stage 1,GL,OUG,OUG,Hacienda
2026-06-28,CDM,Stage 1,GL,OUG,OUG,Tunisia
2026-06-28,CDM,Stage 1,RAG,i7,RAG,Coastal
2026-06-28,CDM,Stage 1,RAG,i7,RAG,Takeoff
2026-06-28,CDM,Stage 1,RAG,i7,RAG,Raid
2026-06-28,CDM,Stage 1,RAG,i7,i7,Standoff
2026-06-28,CDM,Stage 1,RAG,i7,i7,Hacienda
2026-06-28,CDM,Stage 1,RAG,i7,i7,Firing Range
2026-06-28,CDM,Stage 1,XROCK,RVL,XROCK,Tunisia
2026-06-28,CDM,Stage 1,XROCK,RVL,XROCK,Takeoff
2026-06-28,CDM,Stage 1,XROCK,RVL,XROCK,Crossroads Strike
2026-06-28,CDM,Stage 1,XROCK,RVL,RVL,Raid
2026-06-28,CDM,Stage 1,XROCK,RVL,XROCK,Combine
2026-06-28,CDM,Stage 1,XROCK,RVL,XROCK,Meltdown
2026-06-28,CDM,Stage 1,ELV,DVS,ELV,Tunisia
2026-06-28,CDM,Stage 1,ELV,DVS,ELV,Combine
2026-06-28,CDM,Stage 1,ELV,DVS,ELV,Raid
2026-06-28,CDM,Stage 1,ELV,DVS,DVS,Crossroads Strike
2026-06-28,CDM,Stage 1,ELV,DVS,DVS,Takeoff
2026-06-28,CDM,Stage 1,ELV,DVS,DVS,Meltdown
2026-06-28,CDM,Stage 1,SPG,PAC,SPG,Slums
2026-06-28,CDM,Stage 1,SPG,PAC,SPG,Takeoff
2026-06-28,CDM,Stage 1,SPG,PAC,SPG,Standoff
2026-06-28,CDM,Stage 1,SPG,PAC,PAC,Raid
2026-06-28,CDM,Stage 1,SPG,PAC,PAC,Hacienda
2026-06-28,CDM,Stage 1,SPG,PAC,PAC,Firing Range
2026-07-02,CDM,Stage 1,GL,Wolves,GL,Coastal
2026-07-02,CDM,Stage 1,GL,Wolves,GL,Combine
2026-07-02,CDM,Stage 1,GL,Wolves,GL,Crossroads Strike
2026-07-02,CDM,Stage 1,GL,Wolves,Wolves,Standoff
2026-07-02,CDM,Stage 1,GL,Wolves,Wolves,Takeoff
2026-07-02,CDM,Stage 1,GL,Wolves,Wolves,Meltdown
2026-07-02,CDM,Stage 1,GL,ELV,GL,Crossroads Strike
2026-07-02,CDM,Stage 1,GL,ELV,GL,Takeoff
2026-07-02,CDM,Stage 1,GL,ELV,GL,Meltdown
2026-07-02,CDM,Stage 1,GL,ELV,ELV,Tunisia
2026-07-02,CDM,Stage 1,GL,ELV,ELV,Arsenal
2026-07-02,CDM,Stage 1,GL,ELV,ELV,Standoff
2026-07-02,CDM,Stage 1,ETs,PAC,ETs,Crossroads Strike
2026-07-02,CDM,Stage 1,ETs,PAC,ETs,Summit
2026-07-02,CDM,Stage 1,ETs,PAC,ETs,Tunisia
2026-07-02,CDM,Stage 1,ETs,PAC,PAC,Firing Range
2026-07-02,CDM,Stage 1,ETs,PAC,PAC,Hacienda
2026-07-02,CDM,Stage 1,ETs,PAC,PAC,Raid
2026-07-02,CDM,Stage 1,ALU,DVS,ALU,Firing Range
2026-07-02,CDM,Stage 1,ALU,DVS,ALU,Combine
2026-07-02,CDM,Stage 1,ALU,DVS,ALU,Raid
2026-07-02,CDM,Stage 1,ALU,DVS,DVS,Standoff
2026-07-02,CDM,Stage 1,ALU,DVS,DVS,Hacienda
2026-07-02,CDM,Stage 1,ALU,DVS,DVS,Meltdown
2026-07-03,CDM,Stage 1,Wolves,GAL,Wolves,Meltdown
2026-07-03,CDM,Stage 1,Wolves,GAL,Wolves,Takeoff
2026-07-03,CDM,Stage 1,Wolves,GAL,Wolves,Crossroads Strike
2026-07-03,CDM,Stage 1,Wolves,GAL,GAL,Raid
2026-07-03,CDM,Stage 1,Wolves,GAL,GAL,Hacienda
2026-07-03,CDM,Stage 1,Wolves,GAL,GAL,Tunisia
2026-07-03,CDM,Stage 1,Q9,GL,GL,Coastal
2026-07-03,CDM,Stage 1,Q9,GL,GL,Combine
2026-07-03,CDM,Stage 1,Q9,GL,GL,Standoff
2026-07-03,CDM,Stage 1,Q9,GL,Q9,Raid
2026-07-03,CDM,Stage 1,Q9,GL,Q9,Summit
2026-07-03,CDM,Stage 1,Q9,GL,Q9,Slums
2026-07-03,CDM,Stage 1,GL,GAL,GL,Firing Range
2026-07-03,CDM,Stage 1,GL,GAL,GL,Combine
2026-07-03,CDM,Stage 1,GL,GAL,GL,Crossroads Strike
2026-07-03,CDM,Stage 1,GL,GAL,GAL,Standoff
2026-07-03,CDM,Stage 1,GL,GAL,GAL,Arsenal
2026-07-03,CDM,Stage 1,GL,GAL,GAL,Tunisia
2026-07-04,CDM,Stage 1,ALU,GAL,ALU,Firing Range
2026-07-04,CDM,Stage 1,ALU,GAL,ALU,Takeoff
2026-07-04,CDM,Stage 1,ALU,GAL,ALU,Standoff
2026-07-04,CDM,Stage 1,ALU,GAL,GAL,Raid
2026-07-04,CDM,Stage 1,ALU,GAL,GAL,Summit
2026-07-04,CDM,Stage 1,ALU,GAL,GAL,Tunisia
2026-07-04,CDM,Stage 1,Q9,OUG,Q9,Slums
2026-07-04,CDM,Stage 1,Q9,OUG,Q9,Summit
2026-07-04,CDM,Stage 1,Q9,OUG,Q9,Raid
2026-07-04,CDM,Stage 1,Q9,OUG,OUG,Crossroads Strike
2026-07-04,CDM,Stage 1,Q9,OUG,Q9,Hacienda
2026-07-04,CDM,Stage 1,Q9,OUG,Q9,Coastal
2026-07-04,CDM,Stage 1,GL,DVS,GL,Coastal
2026-07-04,CDM,Stage 1,GL,DVS,GL,Combine
2026-07-04,CDM,Stage 1,GL,DVS,GL,Raid
2026-07-04,CDM,Stage 1,GL,DVS,DVS,Standoff
2026-07-04,CDM,Stage 1,GL,DVS,DVS,Takeoff
2026-07-04,CDM,Stage 1,GL,DVS,DVS,Meltdown
2026-07-04,CDM,Stage 1,RVL,ETs,RVL,Meltdown
2026-07-04,CDM,Stage 1,RVL,ETs,RVL,Combine
2026-07-04,CDM,Stage 1,RVL,ETs,RVL,Crossroads Strike
2026-07-04,CDM,Stage 1,RVL,ETs,ETs,Standoff
2026-07-04,CDM,Stage 1,RVL,ETs,ETs,Hacienda
2026-07-04,CDM,Stage 1,RVL,ETs,ETs,Tunisia
2026-07-05,CDM,Stage 1,OUG,DVS,OUG,Raid
2026-07-05,CDM,Stage 1,OUG,DVS,OUG,Combine
2026-07-05,CDM,Stage 1,OUG,DVS,OUG,Tunisia
2026-07-05,CDM,Stage 1,OUG,DVS,DVS,Meltdown
2026-07-05,CDM,Stage 1,OUG,DVS,DVS,Arsenal
2026-07-05,CDM,Stage 1,OUG,DVS,DVS,Crossroads Strike
2026-07-05,CDM,Stage 1,Q9,Wolves,Q9,Meltdown
2026-07-05,CDM,Stage 1,Q9,Wolves,Q9,Summit
2026-07-05,CDM,Stage 1,Q9,Wolves,Q9,Raid
2026-07-05,CDM,Stage 1,Q9,Wolves,Wolves,Crossroads Strike
2026-07-05,CDM,Stage 1,Q9,Wolves,Wolves,Hacienda
2026-07-05,CDM,Stage 1,Q9,Wolves,Wolves,Coastal
2026-07-05,CDM,Stage 1,GL,ALU,GL,Coastal
2026-07-05,CDM,Stage 1,GL,ALU,GL,Combine
2026-07-05,CDM,Stage 1,GL,ALU,GL,Crossroads Strike
2026-07-05,CDM,Stage 1,GL,ALU,ALU,Standoff
2026-07-05,CDM,Stage 1,GL,ALU,ALU,Hacienda
2026-07-05,CDM,Stage 1,GL,ALU,ALU,Firing Range
2026-07-09,CDM,Stage 1,ELV,GAL,ELV,Slums
2026-07-09,CDM,Stage 1,ELV,GAL,ELV,Combine
2026-07-09,CDM,Stage 1,ELV,GAL,ELV,Crossroads Strike
2026-07-09,CDM,Stage 1,ELV,GAL,GAL,Raid
2026-07-09,CDM,Stage 1,ELV,GAL,GAL,Hacienda
2026-07-09,CDM,Stage 1,ELV,GAL,GAL,Tunisia
2026-07-09,CDM,Stage 1,ALU,OUG,ALU,Firing Range
2026-07-09,CDM,Stage 1,ALU,OUG,ALU,Takeoff
2026-07-09,CDM,Stage 1,ALU,OUG,ALU,Standoff
2026-07-09,CDM,Stage 1,ALU,OUG,OUG,Crossroads Strike
2026-07-09,CDM,Stage 1,ALU,OUG,OUG,Arsenal
2026-07-09,CDM,Stage 1,ALU,OUG,OUG,Coastal
2026-07-09,CDM,Stage 1,DVS,GAL,DVS,Meltdown
2026-07-09,CDM,Stage 1,DVS,GAL,DVS,Takeoff
2026-07-09,CDM,Stage 1,DVS,GAL,DVS,Standoff
2026-07-09,CDM,Stage 1,DVS,GAL,GAL,Raid
2026-07-09,CDM,Stage 1,DVS,GAL,GAL,Hacienda
2026-07-09,CDM,Stage 1,DVS,GAL,GAL,Tunisia
2026-07-09,CDM,Stage 1,XROCK,ETs,XROCK,Coastal
2026-07-09,CDM,Stage 1,XROCK,ETs,XROCK,Arsenal
2026-07-09,CDM,Stage 1,XROCK,ETs,XROCK,Standoff
2026-07-09,CDM,Stage 1,XROCK,ETs,ETs,Crossroads Strike
2026-07-09,CDM,Stage 1,XROCK,ETs,ETs,Hacienda
2026-07-09,CDM,Stage 1,XROCK,ETs,ETs,Firing Range
2026-07-09,CDM,Stage 1,i7,PAC,i7,Firing Range
2026-07-09,CDM,Stage 1,i7,PAC,i7,Summit
2026-07-09,CDM,Stage 1,i7,PAC,i7,Standoff
2026-07-09,CDM,Stage 1,i7,PAC,PAC,Crossroads Strike
2026-07-09,CDM,Stage 1,i7,PAC,PAC,Hacienda
2026-07-09,CDM,Stage 1,i7,PAC,PAC,Tunisia
2026-07-10,CDM,Stage 1,i7,XROCK,i7,Meltdown
2026-07-10,CDM,Stage 1,i7,XROCK,i7,Hacienda
2026-07-10,CDM,Stage 1,i7,XROCK,i7,Raid
2026-07-10,CDM,Stage 1,i7,XROCK,XROCK,Standoff
2026-07-10,CDM,Stage 1,i7,XROCK,XROCK,Takeoff
2026-07-10,CDM,Stage 1,i7,XROCK,XROCK,Slums
2026-07-10,CDM,Stage 1,ALU,ELV,ALU,Firing Range
2026-07-10,CDM,Stage 1,ALU,ELV,ALU,Summit
2026-07-10,CDM,Stage 1,ALU,ELV,ALU,Standoff
2026-07-10,CDM,Stage 1,ALU,ELV,ELV,Raid
2026-07-10,CDM,Stage 1,ALU,ELV,ELV,Combine
2026-07-10,CDM,Stage 1,ALU,ELV,ELV,Tunisia
2026-07-10,CDM,Stage 1,DVS,Wolves,DVS,Meltdown
2026-07-10,CDM,Stage 1,DVS,Wolves,DVS,Takeoff
2026-07-10,CDM,Stage 1,DVS,Wolves,DVS,Crossroads Strike
2026-07-10,CDM,Stage 1,DVS,Wolves,Wolves,Raid
2026-07-10,CDM,Stage 1,DVS,Wolves,Wolves,Hacienda
2026-07-10,CDM,Stage 1,DVS,Wolves,Wolves,Coastal
2026-07-10,CDM,Stage 1,SPG,RVL,SPG,Firing Range
2026-07-10,CDM,Stage 1,SPG,RVL,SPG,Takeoff
2026-07-10,CDM,Stage 1,SPG,RVL,SPG,Standoff
2026-07-10,CDM,Stage 1,SPG,RVL,RVL,Raid
2026-07-10,CDM,Stage 1,SPG,RVL,RVL,Combine
2026-07-10,CDM,Stage 1,SPG,RVL,RVL,Meltdown
2026-07-11,CDM,Stage 1,ELV,Q9,ELV,Coastal
2026-07-11,CDM,Stage 1,ELV,Q9,ELV,Hacienda
2026-07-11,CDM,Stage 1,ELV,Q9,ELV,Crossroads Strike
2026-07-11,CDM,Stage 1,ELV,Q9,Q9,Standoff
2026-07-11,CDM,Stage 1,ELV,Q9,Q9,Summit
2026-07-11,CDM,Stage 1,ELV,Q9,Q9,Slums
2026-07-11,CDM,Stage 1,ETs,SPG,ETs,Coastal
2026-07-11,CDM,Stage 1,ETs,SPG,ETs,Hacienda
2026-07-11,CDM,Stage 1,ETs,SPG,ETs,Crossroads Strike
2026-07-11,CDM,Stage 1,ETs,SPG,SPG,Raid
2026-07-11,CDM,Stage 1,ETs,SPG,SPG,Takeoff
2026-07-11,CDM,Stage 1,ETs,SPG,SPG,Meltdown
2026-07-11,CDM,Stage 1,ALU,Wolves,ALU,Firing Range
2026-07-11,CDM,Stage 1,ALU,Wolves,ALU,Combine
2026-07-11,CDM,Stage 1,ALU,Wolves,ALU,Standoff
2026-07-11,CDM,Stage 1,ALU,Wolves,Wolves,Raid
2026-07-11,CDM,Stage 1,ALU,Wolves,Wolves,Takeoff
2026-07-11,CDM,Stage 1,ALU,Wolves,Wolves,Coastal
2026-07-12,CDM,Seat Decider,ALU,XROCK,ALU,Coastal
2026-07-12,CDM,Seat Decider,ALU,XROCK,ALU,Summit
2026-07-12,CDM,Seat Decider,ALU,XROCK,ALU,Raid
2026-07-12,CDM,Seat Decider,ALU,XROCK,XROCK,Standoff
2026-07-12,CDM,Seat Decider,ALU,XROCK,XROCK,Takeoff
2026-07-12,CDM,Seat Decider,ALU,XROCK,XROCK,Firing Range
2026-07-12,CDM,Seat Decider,RVL,DVS,RVL,Slums
2026-07-12,CDM,Seat Decider,RVL,DVS,RVL,Combine
2026-07-12,CDM,Seat Decider,RVL,DVS,RVL,Raid
2026-07-12,CDM,Seat Decider,RVL,DVS,DVS,Standoff
2026-07-12,CDM,Seat Decider,RVL,DVS,DVS,Takeoff
2026-07-12,CDM,Seat Decider,RVL,DVS,DVS,Meltdown
2026-07-12,CDM,Seat Decider,ELV,RVL,ELV,Tunisia
2026-07-12,CDM,Seat Decider,ELV,RVL,ELV,Takeoff
2026-07-12,CDM,Seat Decider,ELV,RVL,ELV,Standoff
2026-07-12,CDM,Seat Decider,ELV,RVL,RVL,Raid
2026-07-12,CDM,Seat Decider,ELV,RVL,RVL,Combine
2026-07-12,CDM,Seat Decider,ELV,RVL,RVL,Meltdown
2026-07-12,CDM,Seat Decider,Q9,ALU,Q9,Slums
2026-07-12,CDM,Seat Decider,Q9,ALU,Q9,Takeoff
2026-07-12,CDM,Seat Decider,Q9,ALU,Q9,Standoff
2026-07-12,CDM,Seat Decider,Q9,ALU,ALU,Raid
2026-07-12,CDM,Seat Decider,Q9,ALU,ALU,Hacienda
2026-07-12,CDM,Seat Decider,Q9,ALU,ALU,Firing Range
2026-07-16,CDM,Stage 2,ELV,GAL,ELV,Firing Range
2026-07-16,CDM,Stage 2,ELV,GAL,ELV,Arsenal
2026-07-16,CDM,Stage 2,ELV,GAL,ELV,Standoff
2026-07-16,CDM,Stage 2,ELV,GAL,GAL,Raid
2026-07-16,CDM,Stage 2,ELV,GAL,GAL,Hacienda
2026-07-16,CDM,Stage 2,ELV,GAL,GAL,Tunisia
2026-07-16,CDM,Stage 2,DVS,ALU,DVS,Meltdown
2026-07-16,CDM,Stage 2,DVS,ALU,DVS,Takeoff
2026-07-16,CDM,Stage 2,DVS,ALU,DVS,Standoff
2026-07-16,CDM,Stage 2,DVS,ALU,ALU,Raid
2026-07-16,CDM,Stage 2,DVS,ALU,ALU,Summit
2026-07-16,CDM,Stage 2,DVS,ALU,ALU,Tunisia
2026-07-16,CDM,Stage 2,XROCK,ETs,XROCK,Meltdown
2026-07-16,CDM,Stage 2,XROCK,ETs,XROCK,Arsenal
2026-07-16,CDM,Stage 2,XROCK,ETs,XROCK,Raid
2026-07-16,CDM,Stage 2,XROCK,ETs,ETs,Crossroads Strike
2026-07-16,CDM,Stage 2,XROCK,ETs,ETs,Hacienda
2026-07-16,CDM,Stage 2,XROCK,ETs,ETs,Tunisia
2026-07-17,CDM,Stage 2,GL,GAL,GL,Slums
2026-07-17,CDM,Stage 2,GL,GAL,GL,Combine
2026-07-17,CDM,Stage 2,GL,GAL,GL,Crossroads Strike
2026-07-17,CDM,Stage 2,GL,GAL,GAL,Raid
2026-07-17,CDM,Stage 2,GL,GAL,GAL,Hacienda
2026-07-17,CDM,Stage 2,GL,GAL,GAL,Coastal
2026-07-17,CDM,Stage 2,XROCK,RAG,XROCK,Meltdown
2026-07-17,CDM,Stage 2,XROCK,RAG,XROCK,Arsenal
2026-07-17,CDM,Stage 2,XROCK,RAG,XROCK,Standoff
2026-07-17,CDM,Stage 2,XROCK,RAG,RAG,Raid
2026-07-17,CDM,Stage 2,XROCK,RAG,RAG,Combine
2026-07-17,CDM,Stage 2,XROCK,RAG,RAG,Firing Range
2026-07-18,CDM,Stage 2,Q9,GL,Q9,Slums
2026-07-18,CDM,Stage 2,Q9,GL,Q9,Summit
2026-07-18,CDM,Stage 2,Q9,GL,Q9,Standoff
2026-07-18,CDM,Stage 2,Q9,GL,GL,Crossroads Strike
2026-07-18,CDM,Stage 2,Q9,GL,GL,Combine
2026-07-18,CDM,Stage 2,Q9,GL,GL,Coastal
2026-07-18,CDM,Stage 2,GAL,Wolves,GAL,Tunisia
2026-07-18,CDM,Stage 2,GAL,Wolves,GAL,Summit
2026-07-18,CDM,Stage 2,GAL,Wolves,GAL,Crossroads Strike
2026-07-18,CDM,Stage 2,GAL,Wolves,Wolves,Raid
2026-07-18,CDM,Stage 2,GAL,Wolves,Wolves,Takeoff
2026-07-18,CDM,Stage 2,GAL,Wolves,Wolves,Slums
2026-07-18,CDM,Stage 2,RVL,XROCK,RVL,Coastal
2026-07-18,CDM,Stage 2,RVL,XROCK,RVL,Combine
2026-07-18,CDM,Stage 2,RVL,XROCK,RVL,Raid
2026-07-18,CDM,Stage 2,RVL,XROCK,XROCK,Standoff
2026-07-18,CDM,Stage 2,RVL,XROCK,XROCK,Hacienda
2026-07-18,CDM,Stage 2,RVL,XROCK,XROCK,Tunisia
2026-07-19,CDM,Stage 2,GAL,Q9,GAL,Tunisia
2026-07-19,CDM,Stage 2,GAL,Q9,GAL,Hacienda
2026-07-19,CDM,Stage 2,GAL,Q9,GAL,Raid
2026-07-19,CDM,Stage 2,GAL,Q9,Q9,Standoff
2026-07-19,CDM,Stage 2,GAL,Q9,Q9,Summit
2026-07-19,CDM,Stage 2,GAL,Q9,Q9,Slums
2026-07-19,CDM,Stage 2,ETs,RAG,ETs,Meltdown
2026-07-19,CDM,Stage 2,ETs,RAG,ETs,Hacienda
2026-07-19,CDM,Stage 2,ETs,RAG,ETs,Crossroads Strike
2026-07-19,CDM,Stage 2,ETs,RAG,RAG,Raid
2026-07-19,CDM,Stage 2,ETs,RAG,RAG,Takeoff
2026-07-19,CDM,Stage 2,ETs,RAG,RAG,Slums
2026-07-19,CDM,Stage 2,RVL,DVS,RVL,Coastal
2026-07-19,CDM,Stage 2,RVL,DVS,RVL,Combine
2026-07-19,CDM,Stage 2,RVL,DVS,RVL,Raid
2026-07-19,CDM,Stage 2,RVL,DVS,DVS,Crossroads Strike
2026-07-19,CDM,Stage 2,RVL,DVS,DVS,Takeoff
2026-07-19,CDM,Stage 2,RVL,DVS,DVS,Meltdown
2026-07-23,CDM,Stage 2,GL,Wolves,GL,Tunisia
2026-07-23,CDM,Stage 2,GL,Wolves,GL,Combine
2026-07-23,CDM,Stage 2,GL,Wolves,GL,Raid
2026-07-23,CDM,Stage 2,GL,Wolves,Wolves,Crossroads Strike
2026-07-23,CDM,Stage 2,GL,Wolves,Wolves,Takeoff
2026-07-23,CDM,Stage 2,GL,Wolves,Wolves,Meltdown
2026-07-23,CDM,Stage 2,DVS,XROCK,DVS,Meltdown
2026-07-23,CDM,Stage 2,DVS,XROCK,DVS,Takeoff
2026-07-23,CDM,Stage 2,DVS,XROCK,DVS,Crossroads Strike
2026-07-23,CDM,Stage 2,DVS,XROCK,XROCK,Raid
2026-07-23,CDM,Stage 2,DVS,XROCK,XROCK,Arsenal
2026-07-23,CDM,Stage 2,DVS,XROCK,XROCK,Slums
2026-07-23,CDM,Stage 2,ALU,ETs,ALU,Firing Range
2026-07-23,CDM,Stage 2,ALU,ETs,ALU,Hacienda
2026-07-23,CDM,Stage 2,ALU,ETs,ALU,Raid
2026-07-23,CDM,Stage 2,ALU,ETs,ETs,Crossroads Strike
2026-07-23,CDM,Stage 2,ALU,ETs,ETs,Arsenal
2026-07-23,CDM,Stage 2,ALU,ETs,ETs,Meltdown
2026-07-24,CDM,Stage 2,ELV,GL,ELV,Slums
2026-07-24,CDM,Stage 2,ELV,GL,ELV,Hacienda
2026-07-24,CDM,Stage 2,ELV,GL,ELV,Raid
2026-07-24,CDM,Stage 2,ELV,GL,GL,Standoff
2026-07-24,CDM,Stage 2,ELV,GL,GL,Combine
2026-07-24,CDM,Stage 2,ELV,GL,GL,Coastal
2026-07-24,CDM,Stage 2,GAL,OUG,GAL,Slums
2026-07-24,CDM,Stage 2,GAL,OUG,GAL,Summit
2026-07-24,CDM,Stage 2,GAL,OUG,GAL,Raid
2026-07-24,CDM,Stage 2,GAL,OUG,OUG,Crossroads Strike
2026-07-24,CDM,Stage 2,GAL,OUG,OUG,Combine
2026-07-24,CDM,Stage 2,GAL,OUG,OUG,Firing Range
2026-07-24,CDM,Stage 2,DVS,RAG,DVS,Meltdown
2026-07-24,CDM,Stage 2,DVS,RAG,DVS,Takeoff
2026-07-24,CDM,Stage 2,DVS,RAG,DVS,Crossroads Strike
2026-07-24,CDM,Stage 2,DVS,RAG,RAG,Standoff
2026-07-24,CDM,Stage 2,DVS,RAG,RAG,Summit
2026-07-24,CDM,Stage 2,DVS,RAG,RAG,Firing Range
2026-07-25,CDM,Stage 2,RVL,ETs,RVL,Meltdown
2026-07-25,CDM,Stage 2,RVL,ETs,RVL,Combine
2026-07-25,CDM,Stage 2,RVL,ETs,RVL,Raid
2026-07-25,CDM,Stage 2,RVL,ETs,ETs,Crossroads Strike
2026-07-25,CDM,Stage 2,RVL,ETs,ETs,Hacienda
2026-07-25,CDM,Stage 2,RVL,ETs,ETs,Firing Range
2026-07-25,CDM,Stage 2,XROCK,ALU,XROCK,Meltdown
2026-07-25,CDM,Stage 2,XROCK,ALU,XROCK,Combine
2026-07-25,CDM,Stage 2,XROCK,ALU,XROCK,Standoff
2026-07-25,CDM,Stage 2,XROCK,ALU,ALU,Crossroads Strike
2026-07-25,CDM,Stage 2,XROCK,ALU,ALU,Arsenal
2026-07-25,CDM,Stage 2,XROCK,ALU,ALU,Firing Range
2026-07-25,CDM,Stage 2,Q9,OUG,Q9,Slums
2026-07-25,CDM,Stage 2,Q9,OUG,Q9,Arsenal
2026-07-25,CDM,Stage 2,Q9,OUG,Q9,Raid
2026-07-25,CDM,Stage 2,Q9,OUG,OUG,Crossroads Strike
2026-07-25,CDM,Stage 2,Q9,OUG,OUG,Hacienda
2026-07-25,CDM,Stage 2,Q9,OUG,OUG,Coastal
2026-07-26,CDM,Stage 2,ETs,DVS,ETs,Tunisia
2026-07-26,CDM,Stage 2,ETs,DVS,ETs,Arsenal
2026-07-26,CDM,Stage 2,ETs,DVS,ETs,Standoff
2026-07-26,CDM,Stage 2,ETs,DVS,DVS,Crossroads Strike
2026-07-26,CDM,Stage 2,ETs,DVS,DVS,Takeoff
2026-07-26,CDM,Stage 2,ETs,DVS,DVS,Meltdown
2026-07-26,CDM,Stage 2,ELV,OUG,ELV,Firing Range
2026-07-26,CDM,Stage 2,ELV,OUG,ELV,Combine
2026-07-26,CDM,Stage 2,ELV,OUG,ELV,Standoff
2026-07-26,CDM,Stage 2,ELV,OUG,OUG,Crossroads Strike
2026-07-26,CDM,Stage 2,ELV,OUG,OUG,Hacienda
2026-07-26,CDM,Stage 2,ELV,OUG,OUG,Coastal
2026-07-26,CDM,Stage 2,Wolves,Q9,Wolves,Firing Range
2026-07-26,CDM,Stage 2,Wolves,Q9,Wolves,Combine
2026-07-26,CDM,Stage 2,Wolves,Q9,Wolves,Standoff
2026-07-26,CDM,Stage 2,Wolves,Q9,Q9,Raid
2026-07-26,CDM,Stage 2,Wolves,Q9,Q9,Takeoff
2026-07-26,CDM,Stage 2,Wolves,Q9,Q9,Slums
2026-07-26,CDM,Stage 2,ALU,RVL,ALU,Tunisia
2026-07-26,CDM,Stage 2,ALU,RVL,ALU,Takeoff
2026-07-26,CDM,Stage 2,ALU,RVL,ALU,Standoff
2026-07-26,CDM,Stage 2,ALU,RVL,RVL,Raid
2026-07-26,CDM,Stage 2,ALU,RVL,RVL,Combine
2026-07-26,CDM,Stage 2,ALU,RVL,RVL,Meltdown
2026-07-30,CDM,Stage 2,OUG,GL,OUG,Coastal
2026-07-30,CDM,Stage 2,OUG,GL,OUG,Hacienda
2026-07-30,CDM,Stage 2,OUG,GL,OUG,Crossroads Strike
2026-07-30,CDM,Stage 2,OUG,GL,GL,Standoff
2026-07-30,CDM,Stage 2,OUG,GL,GL,Combine
2026-07-30,CDM,Stage 2,OUG,GL,GL,Firing Range
2026-07-30,CDM,Stage 2,ELV,Wolves,ELV,Meltdown
2026-07-30,CDM,Stage 2,ELV,Wolves,ELV,Takeoff
2026-07-30,CDM,Stage 2,ELV,Wolves,ELV,Raid
2026-07-30,CDM,Stage 2,ELV,Wolves,Wolves,Crossroads Strike
2026-07-30,CDM,Stage 2,ELV,Wolves,Wolves,Arsenal
2026-07-30,CDM,Stage 2,ELV,Wolves,Wolves,Slums
2026-07-30,CDM,Stage 2,RVL,RAG,RVL,Meltdown
2026-07-30,CDM,Stage 2,RVL,RAG,RVL,Combine
2026-07-30,CDM,Stage 2,RVL,RAG,RVL,Raid
2026-07-30,CDM,Stage 2,RVL,RAG,RAG,Standoff
2026-07-30,CDM,Stage 2,RVL,RAG,RAG,Takeoff
2026-07-30,CDM,Stage 2,RVL,RAG,RAG,Firing Range
2026-07-31,CDM,Stage 2,ELV,Q9,ELV,Firing Range
2026-07-31,CDM,Stage 2,ELV,Q9,ELV,Hacienda
2026-07-31,CDM,Stage 2,ELV,Q9,ELV,Standoff
2026-07-31,CDM,Stage 2,ELV,Q9,Q9,Raid
2026-07-31,CDM,Stage 2,ELV,Q9,Q9,Summit
2026-07-31,CDM,Stage 2,ELV,Q9,Q9,Meltdown
2026-07-31,CDM,Stage 2,OUG,Wolves,OUG,Coastal
2026-07-31,CDM,Stage 2,OUG,Wolves,OUG,Summit
2026-07-31,CDM,Stage 2,OUG,Wolves,OUG,Crossroads Strike
2026-07-31,CDM,Stage 2,OUG,Wolves,Wolves,Standoff
2026-07-31,CDM,Stage 2,OUG,Wolves,Wolves,Takeoff
2026-07-31,CDM,Stage 2,OUG,Wolves,Wolves,Slums
2026-07-31,CDM,Stage 2,RAG,ALU,RAG,Firing Range
2026-07-31,CDM,Stage 2,RAG,ALU,RAG,Combine
2026-07-31,CDM,Stage 2,RAG,ALU,RAG,Raid
2026-07-31,CDM,Stage 2,RAG,ALU,ALU,Crossroads Strike
2026-07-31,CDM,Stage 2,RAG,ALU,ALU,Takeoff
2026-07-31,CDM,Stage 2,RAG,ALU,ALU,Tunisia
2026-08-01,CDM,Bracket Decider,ALU,DVS,ALU,Coastal
2026-08-01,CDM,Bracket Decider,ALU,DVS,ALU,Arsenal
2026-08-01,CDM,Bracket Decider,ALU,DVS,ALU,Raid
2026-08-01,CDM,Bracket Decider,ALU,DVS,DVS,Crossroads Strike
2026-08-01,CDM,Bracket Decider,ALU,DVS,DVS,Takeoff
2026-08-01,CDM,Bracket Decider,ALU,DVS,DVS,Meltdown
2026-08-01,CDM,Bracket Decider,RVL,XROCK,RVL,Coastal
2026-08-01,CDM,Bracket Decider,RVL,XROCK,RVL,Combine
2026-08-01,CDM,Bracket Decider,RVL,XROCK,RVL,Standoff
2026-08-01,CDM,Bracket Decider,RVL,XROCK,XROCK,Raid
2026-08-01,CDM,Bracket Decider,RVL,XROCK,XROCK,Takeoff
2026-08-01,CDM,Bracket Decider,RVL,XROCK,XROCK,Slums
2026-08-01,CDM,Bracket Decider,ALU,GAL,ALU,Firing Range
2026-08-01,CDM,Bracket Decider,ALU,GAL,ALU,Takeoff
2026-08-01,CDM,Bracket Decider,ALU,GAL,ALU,Standoff
2026-08-01,CDM,Bracket Decider,ALU,GAL,GAL,Raid
2026-08-01,CDM,Bracket Decider,ALU,GAL,GAL,Hacienda
2026-08-01,CDM,Bracket Decider,ALU,GAL,GAL,Tunisia
2026-08-01,CDM,Bracket Decider,RVL,GL,RVL,Coastal
2026-08-01,CDM,Bracket Decider,RVL,GL,RVL,Combine
2026-08-01,CDM,Bracket Decider,RVL,GL,RVL,Raid
2026-08-01,CDM,Bracket Decider,RVL,GL,GL,Crossroads Strike
2026-08-01,CDM,Bracket Decider,RVL,GL,GL,Summit
2026-08-01,CDM,Bracket Decider,RVL,GL,GL,Firing Range
2026-08-02,CDM,Bracket Decider,GAL,Q9,GAL,Tunisia
2026-08-02,CDM,Bracket Decider,GAL,Q9,GAL,Takeoff
2026-08-02,CDM,Bracket Decider,GAL,Q9,GAL,Standoff
2026-08-02,CDM,Bracket Decider,GAL,Q9,Q9,Raid
2026-08-02,CDM,Bracket Decider,GAL,Q9,Q9,Summit
2026-08-02,CDM,Bracket Decider,GAL,Q9,Q9,Slums
2026-08-02,CDM,Bracket Decider,ELV,GL,ELV,Firing Range
2026-08-02,CDM,Bracket Decider,ELV,GL,ELV,Hacienda
2026-08-02,CDM,Bracket Decider,ELV,GL,ELV,Raid
2026-08-02,CDM,Bracket Decider,ELV,GL,GL,Crossroads Strike
2026-08-02,CDM,Bracket Decider,ELV,GL,GL,Takeoff
2026-08-02,CDM,Bracket Decider,ELV,GL,GL,Meltdown
2026-08-06,CDM,Playoffs,OUG,GAL,OUG,Firing Range
2026-08-06,CDM,Playoffs,OUG,GAL,OUG,Combine
2026-08-06,CDM,Playoffs,OUG,GAL,GAL,Arsenal
2026-08-06,CDM,Playoffs,OUG,GAL,GAL,Tunisia
2026-08-06,CDM,Playoffs,GL,Wolves,GL,Slums
2026-08-06,CDM,Playoffs,GL,Wolves,GL,Arsenal
2026-08-06,CDM,Playoffs,GL,Wolves,Wolves,Summit
2026-08-06,CDM,Playoffs,GL,Wolves,Wolves,Firing Range
2026-08-07,CDM,Playoffs,ALU,ELV,ALU,Meltdown
2026-08-07,CDM,Playoffs,ALU,ELV,ALU,Summit
2026-08-07,CDM,Playoffs,ALU,ELV,ELV,Combine
2026-08-07,CDM,Playoffs,ALU,ELV,ELV,Firing Range
2026-08-07,CDM,Playoffs,RVL,Q9,RVL,Coastal
2026-08-07,CDM,Playoffs,RVL,Q9,RVL,Combine
2026-08-07,CDM,Playoffs,RVL,Q9,Q9,Summit
2026-08-07,CDM,Playoffs,RVL,Q9,Q9,Meltdown
2026-08-08,CDM,Playoffs,Q9,GL,Q9,Meltdown
2026-08-08,CDM,Playoffs,Q9,GL,Q9,Summit
2026-08-08,CDM,Playoffs,Q9,GL,GL,Hacienda
2026-08-08,CDM,Playoffs,Q9,GL,GL,Firing Range
2026-08-08,CDM,Playoffs,GAL,ALU,GAL,Tunisia
2026-08-08,CDM,Playoffs,GAL,ALU,GAL,Arsenal
2026-08-08,CDM,Playoffs,GAL,ALU,ALU,Takeoff
2026-08-08,CDM,Playoffs,GAL,ALU,ALU,Meltdown
2026-08-09,CDM,Playoffs,Q9,ALU,Q9,Meltdown
2026-08-09,CDM,Playoffs,Q9,ALU,Q9,Summit
2026-08-09,CDM,Playoffs,Q9,ALU,ALU,Hacienda
2026-08-09,CDM,Playoffs,Q9,ALU,ALU,Tunisia
2026-08-09,CDM,Playoffs,OUG,Wolves,OUG,Firing Range
2026-08-09,CDM,Playoffs,OUG,Wolves,OUG,Summit
2026-08-09,CDM,Playoffs,OUG,Wolves,Wolves,Arsenal
2026-08-09,CDM,Playoffs,OUG,Wolves,Wolves,Slums
2026-08-09,Fall Split II,UB,GL,GAL,GL,Combine
2026-08-09,Fall Split II,UB,GL,GAL,GL,Firing Range
2026-08-09,Fall Split II,UB,GL,GAL,GL,Crossroads Strike
2026-08-09,Fall Split II,UB,GL,GAL,GAL,Takeoff
2026-08-09,Fall Split II,UB,GL,GAL,GAL,Tunisia
2026-08-09,Fall Split II,UB,GL,GAL,GAL,Raid
2026-08-23,Fall Split III,UB,GL,GAL,GL,Combine
2026-08-23,Fall Split III,UB,GL,GAL,GL,Firing Range
2026-08-23,Fall Split III,UB,GL,GAL,GL,Crossroads Strike
2026-08-23,Fall Split III,UB,GL,GAL,GAL,Takeoff
2026-08-23,Fall Split III,UB,GL,GAL,GAL,Tunisia
2026-08-23,Fall Split III,UB,GL,GAL,GAL,Raid
2026-08-23,Fall Split III,Finals,GL,GAL,GL,Combine
2026-08-23,Fall Split III,Finals,GL,GAL,GL,Firing Range
2026-08-23,Fall Split III,Finals,GL,GAL,GAL,Takeoff
2026-08-23,Fall Split III,Finals,GL,GAL,GAL,Tunisia