Date,Opponent,Map,Score
2026-06-11,ELV,Arsenal,250-149
2026-06-11,ELV,Crossroads Strike,4-1
2026-06-11,ELV,Raid,2-4
2026-06-11,ELV,Meltdown,9-8
2026-06-11,ELV,Firing Range,9-2
2026-06-10,Wolves,Combine,250-168
2026-06-10,Wolves,Arsenal,250-132
2026-06-10,Wolves,Takeoff,195-250
2026-06-10,Wolves,Summit,250-192
2026-06-10,Wolves,Crossroads Strike,4-0
2026-06-10,Wolves,Standoff,4-2
2026-06-10,Wolves,Raid,1-4
2026-06-10,Wolves,Coastal,9-6
2026-06-10,Wolves,Firing Range,9-2
2026-06-10,ALU,Combine,225-250
2026-06-10,ALU,Hacienda,250-153
2026-06-10,ALU,Takeoff,225-250
2026-06-10,ALU,Standoff,3-4
2026-06-10,ALU,Crossroads Strike,2-4
2026-06-10,ALU,Tunisia,9-4
2026-06-10,ALU,Slums,9-8
2026-06-11,Q9,Combine,233-250
2026-06-11,Q9,Summit,250-178
2026-06-11,Q9,Arsenal,228-250
2026-06-11,Q9,Raid,4-2
2026-06-11,Q9,Standoff,4-0
2026-06-11,Q9,Slums,2-9
2026-06-11,Q9,Coastal,3-9
2026-06-12,OUG,Summit,250-244
2026-06-12,OUG,Combine,250-160
2026-06-12,OUG,Raid,1-4
2026-06-12,OUG,Standoff,4-3
2026-06-12,OUG,Tunisia,9-3
2026-06-12,OUG,Coastal,9-8
2026-06-12,RAG,Arsenal,250-173
2026-06-12,RAG,Takeoff,250-113
2026-06-12,RAG,Meltdown,9-2
2026-06-12,RAG,Tunisia,9-6
2026-06-16,ELV,Takeoff,207-250
2026-06-16,ELV,Hacienda,250-215
2026-06-16,ELV,Combine,181-250
2026-06-16,ELV,Crossroads Strike,0-3
2026-06-16,ELV,Raid,3-2
2026-06-16,ELV,Standoff,3-1
2026-06-16,ELV,Tunisia,9-5
2026-06-16,ELV,Firing Range,6-9
2026-06-16,ELV,Tunisia,9-2
2026-06-18,Wolves,Hacienda,250-176
2026-06-18,Wolves,Takeoff,250-118
2026-06-18,Wolves,Combine,101-250
2026-06-18,Wolves,Raid,4-2
2026-06-18,Wolves,Standoff,3-0
2026-06-18,Wolves,Firing Range,9-6
2026-06-18,Wolves,Coastal,7-9
2026-06-18,ELV,Arsenal,250-215
2026-06-18,ELV,Summit,128-250
2026-06-18,ELV,Takeoff,250-179
2026-06-18,ELV,Crossroads Strike,2-3
2026-06-18,ELV,Raid,1-3
2026-06-18,ELV,Meltdown,7-9
2026-06-18,ELV,Firing Range,7-9
2026-06-23,ELV,Summit,206-250
2026-06-23,ELV,Takeoff,143-250
2026-06-23,ELV,Combine,147-250
2026-06-23,ELV,Standoff,2-3
2026-06-23,ELV,Raid,3-2
2026-06-23,ELV,Slums,8-9
2026-06-23,ELV,Coastal,9-8
2026-06-25,ALU,Summit,235-250
2026-06-25,ALU,Takeoff,211-250
2026-06-25,ALU,Hacienda,247-250
2026-06-25,ALU,Standoff,2-4
2026-06-25,ALU,Crossroads Strike,3-4
2026-06-25,ALU,Slums,8-9
2026-06-25,ELV,Hacienda,134-250
2026-06-25,ELV,Takeoff,168-250
2026-06-25,ELV,Combine,164-250
2026-06-25,ELV,Standoff,4-1
2026-06-25,ELV,Raid,3-4
2026-06-25,ELV,Meltdown,9-7
2026-06-25,ELV,Firing Range,3-9
2026-06-23,Wolves,Hacienda,226-250
2026-06-23,Wolves,Takeoff,250-123
2026-06-23,Wolves,Combine,242-250
2026-06-23,Wolves,Crossroads Strike,4-3
2026-06-23,Wolves,Raid,4-0
2026-06-23,Wolves,Coastal,9-4
2026-06-19,Q9,Hacienda,166-250
2026-06-19,Q9,Combine,205-250
2026-06-19,Q9,Standoff,3-2
2026-06-19,Q9,Raid,3-0
2026-06-19,Q9,Coastal,5-9
2026-06-19,Q9,Slums,5-9
2026-06-20,Q9,Takeoff,250-130
2026-06-20,Q9,Combine,250-198
2026-06-20,Q9,Summit,250-186
2026-06-20,Q9,Crossroads Strike,2-3
2026-06-20,Q9,Raid,3-1
2026-06-20,Q9,Coastal,4-9
2026-06-20,Q9,Tunisia,9-2
2026-06-24,Q9,Combine,131-250
2026-06-24,Q9,Takeoff,250-184
2026-06-24,Q9,Crossroads Strike,4-3
2026-06-24,Q9,Standoff,2-4
2026-06-24,Q9,Meltdown,4-9
2026-06-19,ALU,Combine,187-250
2026-06-19,ALU,Arsenal,250-183
2026-06-19,ALU,Crossroads Strike,0-4
2026-06-19,ALU,Standoff,2-4
2026-06-19,ALU,Meltdown,9-5
2026-06-19,ALU,Slums,9-5
2026-06-24,ALU,Hacienda,250-240
2026-06-24,ALU,Summit,235-250
2026-06-24,ALU,Raid,2-4
2026-06-24,ALU,Crossroads Strike,1-4
2026-06-24,ALU,Tunisia,9-7
2026-06-24,ALU,Meltdown,5-9
2026-06-22,OUG,Hacienda,143-250
2026-06-22,OUG,Arsenal,186-250
2026-06-22,OUG,Crossroads Strike,0-3
2026-06-22,OUG,Raid,0-4
2026-06-22,OUG,Meltdown,9-7
2026-06-22,OUG,Firing Range,9-5
2026-06-20,DVS,Summit,242-250
2026-06-20,DVS,Hacienda,250-204
2026-06-20,DVS,Crossroads Strike,3-2
2026-06-20,DVS,Standoff,3-2
2026-06-20,DVS,Firing Range,9-3
2026-06-22,RVL,Combine,250-145
2026-06-22,RVL,Summit,181-250
2026-06-22,RVL,Takeoff,246-250
2026-06-22,RVL,Hacienda,250-132
2026-06-22,RVL,Standoff,0-3
2026-06-22,RVL,Crossroads Strike,0-3
2026-06-22,RVL,Raid,3-2
2026-06-22,RVL,Coastal,1-9
2026-06-22,RVL,Tunisia,9-8
2026-06-26,XROCK,Arsenal,250-137
2026-06-26,XROCK,Combine,250-151
2026-06-26,XROCK,Raid,4-2
2026-06-26,XROCK,Crossroads Strike,4-0
2026-06-26,XROCK,Slums,9-7
2026-06-26,XROCK,Coastal,9-5
2026-06-27,Wolves,Hacienda,250-57
2026-06-27,Wolves,Summit,250-226
2026-06-27,Wolves,Combine,250-185
2026-06-27,Wolves,Raid,4-1
2026-06-27,Wolves,Standoff,0-4
2026-06-27,Wolves,Tunisia,9-3
2026-06-26,DVS,Hacienda,250-163
2026-06-27,DVS,Takeoff,250-229
2026-06-27,DVS,Standoff,4-1
2026-06-27,DVS,Raid,2-4
2026-06-27,DVS,Firing Range,9-7
2026-06-28,i7,Hacienda,250-47
2026-06-27,i7,Summit,250-43
2026-06-30,DVS,Summit,250-163
2026-06-30,DVS,Hacienda,250-79
2026-06-30,DVS,Combine,250-141
2026-06-30,DVS,Raid,4-3
2026-06-30,DVS,Crossroads Strike,4-0
2026-06-30,DVS,Firing Range,8-9
2026-06-30,DVS,Coastal,5-9
2026-06-30,OUG,Takeoff,250-199
2026-06-30,OUG,Combine,176-250
2026-06-30,OUG,Standoff,1-4
2026-06-30,OUG,Meltdown,9-5
2026-06-30,OUG,Slums,5-9
2026-07-01,ALU,Takeoff,231-250
2026-07-02,ELV,Takeoff,250-167
2026-07-02,ELV,Summit,250-249
2026-07-02,ELV,Arsenal,250-183
2026-07-02,ELV,Crossroads Strike,4-0
2026-07-02,ELV,Standoff,1-4
2026-07-02,ELV,Firing Range,9-6
2026-07-02,ELV,Tunisia,0-9
2026-07-03,XROCK,Firing Range,9-5
2026-07-03,XROCK,Crossroads Strike,2-4
2026-07-02,OUG,Takeoff,250-233
2026-07-02,OUG,Raid,4-0
2026-07-02,OUG,Tunisia,6-9
2026-07-07,OUG,Combine,250-183
2026-07-07,OUG,Arsenal,250-232
2026-07-07,OUG,Raid,0-4
2026-07-07,OUG,Crossroads Strike,3-4
2026-07-07,OUG,Tunisia,7-9
2026-07-07,OUG,Meltdown,4-9
2026-07-07,ELV,Takeoff,209-250
2026-07-07,ELV,Combine,250-193
2026-07-07,ELV,Crossroads Strike,4-3
2026-07-07,ELV,Standoff,4-0
2026-07-07,ELV,Tunisia,3-9
2026-07-07,ELV,Coastal,9-6
2026-07-12,ELV,Hacienda,197-250
2026-07-12,ELV,Takeoff,226-250
2026-07-12,ELV,Standoff,3-0
2026-07-12,ELV,Crossroads Strike,3-1
2026-07-12,ELV,Coastal,9-6
2026-07-12,ELV,Firing Range,9-4
2026-07-14,ELV,Tunisia,5-9
2026-07-14,ELV,Coastal,9-3
2026-07-14,ELV,Combine,174-250
2026-07-14,ELV,Summit,175-250
2026-07-14,ELV,Crossroads Strike,4-3
2026-07-14,ELV,Raid,3-4
2026-07-16,ELV,Arsenal,241-250
2026-07-16,ELV,Hacienda,250-184
2026-07-16,ELV,Raid,4-1
2026-07-16,ELV,Standoff,4-0
2026-07-16,ELV,Meltdown,9-5
2026-07-16,ELV,Tunisia,5-9
2026-07-24,Q9,Summit,167-250
2026-07-24,Q9,Takeoff,250-179
2026-07-24,Q9,Raid,0-4
2026-07-24,Q9,Standoff,4-3
2026-07-24,Q9,Firing Range,9-6
2026-07-28,ELV,Meltdown,9-8
2026-07-28,ELV,Coastal,3-9
2026-07-28,ELV,Crossroads Strike,3-4
2026-07-28,ELV,Standoff,4-1
2026-07-28,ELV,Combine,250-170
2026-07-28,ELV,Takeoff,213-250
2026-07-05,Wolves,Summit,156-250
2026-07-05,Wolves,Hacienda,203-250
2026-07-05,Wolves,Raid,4-2
2026-07-05,Wolves,Standoff,2-4
2026-07-05,Wolves,Tunisia,9-1
2026-07-05,Wolves,Firing Range,9-6
2026-07-10,Wolves,Hacienda,250-227
2026-07-10,Wolves,Combine,129-250
2026-07-10,Wolves,Standoff,0-4
2026-07-10,Wolves,Crossroads Strike,3-4
2026-07-10,Wolves,Firing Range,5-9
2026-07-10,Wolves,Tunisia,3-9
